<?xml version="1.0" ?><job><property name="user.input.dir"><string>/Users/robwill/repos/altair/src/en</string></property><property name="transtypes"><string>webhelp-responsive;pdf;exportmap;pdf2;pdf-css-html5;pdf-css-html5-single-topic;html5;webhelp;webhelp-feedback;webhelpCommons;webhelp-responsive-preprocess2;resx-props;synopsyspdf;sig-html5;sig-html5-1file;sig-pdf;sig-webhelp;xhtml;eclipsehelp;htmlhelp;dita;markdown;markdown_github;markdown_gitbook</string></property><property name="plugin.com.oxygenxml.webhelp.common.dir"><string>plugins/com.oxygenxml.webhelp.common</string></property><property name="parser.md"><string>com.elovirta.dita.markdown.MarkdownReader</string></property><property name="plugin.org.dita.specialization.dita11.dir"><string>plugins/org.dita.specialization.dita11</string></property><property name="crawl"><string>topic</string></property><property name="plugin.com.synopsys.sig.docs.doctypes.dir"><string>plugins/com.synopsys.sig.docs.doctypes</string></property><property name="plugin.com.oxygenxml.pdf.custom.dir"><string>plugins/com.oxygenxml.pdf.custom</string></property><property name="parser.hdita"><string>com.elovirta.dita.html.HDitaReader</string></property><property name="cli.color"><string>true</string></property><property name="user.input.file"><string>topics/t_how-to-integrate-repository.dita</string></property><property name="plugin.org.dita.pdf2.dir"><string>plugins/org.dita.pdf2</string></property><property name="print_transtypes"><string>pdf-css-html5;pdf;pdf2;resx-props;pdf-css-html5-single-topic;synopsyspdf;sig-pdf</string></property><property name="onlytopicinmap"><string>false</string></property><property name="supported_resource_extensions"><string>.pdf;.swf</string></property><property name="plugin.org.dita.xhtml.dir"><string>plugins/org.dita.xhtml</string></property><property name="plugin.com.oxygenxml.common.dir"><string>plugins/com.oxygenxml.common</string></property><property name="plugin.org.dita.index.dir"><string>plugins/org.dita.index</string></property><property name="plugin.com.oxygenxml.pdf.review.dir"><string>plugins/com.oxygenxml.pdf.review</string></property><property name="plugin.com.synopsys.cov.resx.dir"><string>plugins/com.synopsys.cov.resx</string></property><property name="relflagimagelist"><string></string></property><property name="supported_html_extensions"><string>.html;.htm</string></property><property name="plugin.order"><string>org.dita.base org.oasis-open.dita.v1_3 org.oasis-open.dita.v1_2</string></property><property name="otrelease"><string>3.5</string></property><property name="supported_image_extensions"><string>.gif;.svg;.bmp;.jpg;.tif;.eps;.jpeg;.png;.tiff</string></property><property name="plugin.com.oxygenxml.pdf.css.dir"><string>plugins/com.oxygenxml.pdf.css</string></property><property name="InputMapDir"><string>/Users/robwill/repos/altair/src/en/topics/t_how-to-integrate-repository.dita</string></property><property name="org.dita.pdf2.i18n.enabled"><string>true</string></property><property name="plugin.com.oxygenxml.webhelp.classic.dir"><string>plugins/com.oxygenxml.webhelp.classic</string></property><property name="plugin.com.synopsys.sig.docs.sig-html5.dir"><string>plugins/com.synopsys.sig.docs.sig-html5</string></property><property name="user.input.dir.uri"><string>file:/Users/robwill/repos/altair/src/en/</string></property><property name="plugin.org.dita.html5.dir"><string>plugins/org.dita.html5</string></property><property name="generatecopyouter"><string>NOT_GENERATEOUTTER</string></property><property name="default.cascade"><string>merge</string></property><property name="plugin.org.oasis-open.xdita.v0_2_2.dir"><string>plugins/org.oasis-open.xdita.v0_2_2</string></property><property name="plugin.org.dita.eclipsehelp.dir"><string>plugins/org.dita.eclipsehelp</string></property><property name="outputdir"><string>/Users/robwill/repos/altair/src/en/topics/out/topic-xhtml</string></property><property name="plugin.org.dita.htmlhelp.dir"><string>plugins/org.dita.htmlhelp</string></property><property name="plugin.com.synopsys.sig.docs.sig-pdf.dir"><string>plugins/com.synopsys.sig.docs.sig-pdf</string></property><property name="temp-file-name-scheme"><string>org.dita.dost.module.reader.DefaultTempFileScheme</string></property><property name="plugin.com.synopsys.pdf.dir"><string>plugins/com.synopsys.pdf</string></property><property name="plugin.org.dita.base.dir"><string>plugins/org.dita.base</string></property><property name="plugin.com.oxygenxml.editlink.dir"><string>plugins/com.oxygenxml.editlink</string></property><property name="plugin.com.synopsys.sig.docs.sig-html5-1file.dir"><string>plugins/com.synopsys.sig.docs.sig-html5-1file</string></property><property name="plugindirs"><string>plugins;demo</string></property><property name="parser.mdita"><string>com.elovirta.dita.markdown.MDitaReader</string></property><property name="user.input.file.listfile"><string>usr.input.file.list</string></property><property name="outercontrol"><string>WARN</string></property><property name="plugin.ignores"><string></string></property><property name="plugin.com.synopsys.sig.docs.sig-webhelp.dir"><string>plugins/com.synopsys.sig.docs.sig-webhelp</string></property><property name="relflagimagefile"><string>relflagimage.list</string></property><property name="plugin.com.zoominsoftware.swagger.dir"><string>plugins/com.zoominsoftware.swagger</string></property><property name="user.input.file.uri"><string>topics/t_how-to-integrate-repository.dita</string></property><property name="plugin.com.oxygenxml.highlight.dir"><string>plugins/com.oxygenxml.highlight</string></property><property name="registry"><string>https://plugins.dita-ot.org/</string></property><property name="plugin.org.dita.normalize.dir"><string>plugins/org.dita.normalize</string></property><property name="plugin.org.dita.pdf2.axf.dir"><string>plugins/org.dita.pdf2.axf</string></property><property name="plugin.org.oasis-open.dita.v1_2.dir"><string>plugins/org.oasis-open.dita.v1_2</string></property><property name="plugin.org.oasis-open.dita.techcomm.v2_0.dir"><string>plugins/org.oasis-open.dita.techcomm.v2_0</string></property><property name="InputMapDir.uri"><string>file:/Users/robwill/repos/altair/src/en/topics/t_how-to-integrate-repository.dita</string></property><property name="plugin.com.oxygenxml.export.map.dir"><string>plugins/com.oxygenxml.export.map</string></property><property name="plugin.com.oxygenxml.html.embed.dir"><string>plugins/com.oxygenxml.html.embed</string></property><property name="plugin.org.dita.pdf2.fop.dir"><string>plugins/org.dita.pdf2.fop</string></property><property name="plugin.org.lwdita.dir"><string>plugins/org.lwdita</string></property><property name="plugin.org.dita.pdf2.xep.dir"><string>plugins/org.dita.pdf2.xep</string></property><property name="plugin.com.oxygenxml.media.dir"><string>plugins/com.oxygenxml.media</string></property><property name="tempdirToinputmapdir.relative.value"><string>topics/</string></property><property name="plugin.com.oxygenxml.webhelp.responsive.dir"><string>plugins/com.oxygenxml.webhelp.responsive</string></property><property name="plugin.org.oasis-open.dita.v2_0.dir"><string>plugins/org.oasis-open.dita.v2_0</string></property><property name="otversion"><string>3.5.4</string></property><property name="plugin.org.oasis-open.dita.v1_3.dir"><string>plugins/org.oasis-open.dita.v1_3</string></property><property name="parser.markdown"><string>com.elovirta.dita.markdown.MarkdownReader</string></property><property name="uplevels"><string>../</string></property><files><file src="file:/Users/robwill/repos/altair/src/en/assets/images/git-expiration.png" uri="assets/images/git-expiration.png" path="assets/images/git-expiration.png" result="file:/Users/robwill/repos/altair/src/en/assets/images/git-expiration.png" format="image"></file><file src="file:/Users/robwill/repos/altair/src/en/topics/t_test_frequency_policies.dita" uri="topics/t_test_frequency_policies.dita" path="topics/t_test_frequency_policies.dita" result="file:/Users/robwill/repos/altair/src/en/topics/t_test_frequency_policies.dita" format="dita" target="true"></file><file src="file:/Users/robwill/repos/altair/src/en/assets/images/gitlab-select-scopes.png" uri="assets/images/gitlab-select-scopes.png" path="assets/images/gitlab-select-scopes.png" result="file:/Users/robwill/repos/altair/src/en/assets/images/gitlab-select-scopes.png" format="image"></file><file src="file:/Users/robwill/repos/altair/src/en/topics/t_how-to-integrate-repository.dita" uri="topics/t_how-to-integrate-repository.dita" path="topics/t_how-to-integrate-repository.dita" result="file:/Users/robwill/repos/altair/src/en/topics/t_how-to-integrate-repository.dita" format="dita" has-link="true" target="true" input="true"></file><file src="file:/Users/robwill/repos/altair/src/en/topics/r_support-matrix.dita" uri="topics/r_support-matrix.dita" path="topics/r_support-matrix.dita" result="file:/Users/robwill/repos/altair/src/en/topics/r_support-matrix.dita" format="dita" target="true"></file><file src="file:/Users/robwill/repos/altair/src/en/assets/images/git-code-clone.png" uri="assets/images/git-code-clone.png" path="assets/images/git-code-clone.png" result="file:/Users/robwill/repos/altair/src/en/assets/images/git-code-clone.png" format="image"></file><file src="file:/Users/robwill/repos/altair/src/en/topics/t_how-to-test.dita" uri="topics/t_how-to-test.dita" path="topics/t_how-to-test.dita" result="file:/Users/robwill/repos/altair/src/en/topics/t_how-to-test.dita" format="dita" has-link="true" target="true"></file><file src="file:/Users/robwill/repos/altair/src/en/assets/images/New_Test_EXT.png" uri="assets/images/New_Test_EXT.png" path="assets/images/New_Test_EXT.png" result="file:/Users/robwill/repos/altair/src/en/assets/images/New_Test_EXT.png" format="image"></file><file src="file:/Users/robwill/repos/altair/src/en/assets/images/git-select-scope.png" uri="assets/images/git-select-scope.png" path="assets/images/git-select-scope.png" result="file:/Users/robwill/repos/altair/src/en/assets/images/git-select-scope.png" format="image"></file><file src="file:/Users/robwill/repos/altair/src/en/assets/images/New_Test-repo.png" uri="assets/images/New_Test-repo.png" path="assets/images/New_Test-repo.png" result="file:/Users/robwill/repos/altair/src/en/assets/images/New_Test-repo.png" format="image"></file><file src="file:/Users/robwill/repos/altair/src/en/assets/images/git-integrations-ui.png" uri="assets/images/git-integrations-ui.png" path="assets/images/git-integrations-ui.png" result="file:/Users/robwill/repos/altair/src/en/assets/images/git-integrations-ui.png" format="image"></file></files></job>