<?xml version="1.0" encoding="UTF-8" standalone="yes"?><concept xmlns:ditaarch="http://dita.oasis-open.org/architecture/2005/" xmlns:dita-ot="http://dita-ot.sourceforge.net/ns/201007/dita-ot" xmlns:opentopic-index="http://www.idiominc.com/opentopic/index" class="- topic/topic concept/concept " ditaarch:DITAArchVersion="1.3" domains="(topic concept) (topic abbrev-d) a(props deliveryTarget) (topic equation-d) (topic hazard-d) (topic hi-d) (topic indexing-d) (topic markup-d) (topic mathml-d) (topic pr-d) (topic relmgmt-d) (topic sw-d) (topic svg-d) (topic ui-d) (topic ut-d) (topic markup-d xml-d)" id="ui-dashboard" specializations="@props/deliveryTarget" xtrc="concept:1;3:28" xtrf="file:/Users/robwill/repos/altair/src/en/topics/c_polaris-ui-dashboard.dita">
    
    
    <title class="- topic/title " xtrc="title:1;6:12" xtrf="file:/Users/robwill/repos/altair/src/en/topics/c_polaris-ui-dashboard.dita">Polaris UI Dashboards Page</title>
    <shortdesc class="- topic/shortdesc " xtrc="shortdesc:1;7:16" xtrf="file:/Users/robwill/repos/altair/src/en/topics/c_polaris-ui-dashboard.dita">Provides a high-level snapshot of all issues.</shortdesc>
    
        <conbody class="- topic/body  concept/conbody " xtrc="conbody:1;9:18" xtrf="file:/Users/robwill/repos/altair/src/en/topics/c_polaris-ui-dashboard.dita">


      
                <table class="- topic/table " colsep="1" frame="all" id="table_fjl_g1p_v5b" rowsep="1" xtrc="table:1;13:81" xtrf="file:/Users/robwill/repos/altair/src/en/topics/c_polaris-ui-dashboard.dita">
                <title class="- topic/title " xtrc="title:2;14:24" xtrf="file:/Users/robwill/repos/altair/src/en/topics/c_polaris-ui-dashboard.dita">Dashboard Page Interface</title>
                <tgroup class="- topic/tgroup " cols="2" xtrc="tgroup:1;15:34" xtrf="file:/Users/robwill/repos/altair/src/en/topics/c_polaris-ui-dashboard.dita">
                    <colspec class="- topic/colspec " colname="col1" colnum="1" colwidth="1*" xtrc="colspec:1;16:69" xtrf="file:/Users/robwill/repos/altair/src/en/topics/c_polaris-ui-dashboard.dita"/>
                    <colspec class="- topic/colspec " colname="col2" colnum="2" colwidth="3.39*" xtrc="colspec:2;17:72" xtrf="file:/Users/robwill/repos/altair/src/en/topics/c_polaris-ui-dashboard.dita"/>
                    <tbody class="- topic/tbody " xtrc="tbody:1;18:28" xtrf="file:/Users/robwill/repos/altair/src/en/topics/c_polaris-ui-dashboard.dita">
                        <row class="- topic/row " xtrc="row:1;19:30" xtrf="file:/Users/robwill/repos/altair/src/en/topics/c_polaris-ui-dashboard.dita">
                            <entry class="- topic/entry " colname="col1" dita-ot:morecols="1" dita-ot:x="1" dita-ot:y="1" nameend="col2" namest="col1" xtrc="entry:1;20:61" xtrf="file:/Users/robwill/repos/altair/src/en/topics/c_polaris-ui-dashboard.dita">
                            <image class="- topic/image " href="227da56ca8ded4227cd906ece069e4696d127a8b.png" id="image_ctv_hnf_z5b" placement="break" width="425px" xtrc="image:1;22:71" xtrf="file:/Users/robwill/repos/altair/src/en/topics/c_polaris-ui-dashboard.dita"/>
                        </entry>
                        </row>
                        <row class="- topic/row " xtrc="row:2;25:30" xtrf="file:/Users/robwill/repos/altair/src/en/topics/c_polaris-ui-dashboard.dita">
                            <entry class="- topic/entry " colname="col1" dita-ot:x="1" dita-ot:y="2" xtrc="entry:2;26:36" xtrf="file:/Users/robwill/repos/altair/src/en/topics/c_polaris-ui-dashboard.dita">Issues by Severity</entry>
                            <entry class="- topic/entry " colname="col2" dita-ot:x="2" dita-ot:y="2" xtrc="entry:3;27:36" xtrf="file:/Users/robwill/repos/altair/src/en/topics/c_polaris-ui-dashboard.dita">Lists issue count by Critical, High Medium, Low, and
                                Audit.</entry>
                        </row>
                        <row class="- topic/row " xtrc="row:3;30:30" xtrf="file:/Users/robwill/repos/altair/src/en/topics/c_polaris-ui-dashboard.dita">
                            <entry class="- topic/entry " colname="col1" dita-ot:x="1" dita-ot:y="3" xtrc="entry:4;31:36" xtrf="file:/Users/robwill/repos/altair/src/en/topics/c_polaris-ui-dashboard.dita">Filters</entry>
                            <entry class="- topic/entry " colname="col2" dita-ot:x="2" dita-ot:y="3" xtrc="entry:5;32:36" xtrf="file:/Users/robwill/repos/altair/src/en/topics/c_polaris-ui-dashboard.dita">Filter by Application, Project, Tool Type, Severity, and
                                localized_name. Use the check­ boxes to make specific selections, or
                                use the Include all button to select all checkboxes and include all.
                            </entry>
                        </row>
                        <row class="- topic/row " xtrc="row:4;37:30" xtrf="file:/Users/robwill/repos/altair/src/en/topics/c_polaris-ui-dashboard.dita">
                            <entry class="- topic/entry " colname="col1" dita-ot:x="1" dita-ot:y="4" xtrc="entry:6;38:36" xtrf="file:/Users/robwill/repos/altair/src/en/topics/c_polaris-ui-dashboard.dita">Top 10 Vulnerable Categories</entry>
                            <entry class="- topic/entry " colname="col2" dita-ot:x="2" dita-ot:y="4" xtrc="entry:7;39:36" xtrf="file:/Users/robwill/repos/altair/src/en/topics/c_polaris-ui-dashboard.dita">Shows a chart of the top categories with vulnerabilities.
                            </entry>
                        </row>
                    </tbody>
                </tgroup>
            </table>
        
        
        </conbody>
    
<opentopic-index:index.groups/></concept>