<?xml version="1.0" ?><job><property name="user.input.dir"><string>/Users/robwill/repos/altair/src/en</string></property><property name="transtypes"><string>html5;webhelp;webhelp-feedback;webhelpCommons;webhelp-responsive;webhelp-responsive-preprocess2;pdf;pdf2;synopsyspdf;sig-html5;sig-html5-1file;sig-pdf;sig-webhelp;xhtml;eclipsehelp;htmlhelp;dita;markdown;markdown_github;markdown_gitbook</string></property><property name="plugin.com.oxygenxml.webhelp.common.dir"><string>plugins/com.oxygenxml.webhelp.common</string></property><property name="parser.md"><string>com.elovirta.dita.markdown.MarkdownReader</string></property><property name="plugin.org.dita.specialization.dita11.dir"><string>plugins/org.dita.specialization.dita11</string></property><property name="crawl"><string>topic</string></property><property name="plugin.com.synopsys.sig.docs.doctypes.dir"><string>plugins/com.synopsys.sig.docs.doctypes</string></property><property name="parser.hdita"><string>com.elovirta.dita.html.HDitaReader</string></property><property name="cli.color"><string>true</string></property><property name="user.input.file"><string>05abc6e68dbdc2b132904b25dad1acf6138ab590.dita</string></property><property name="plugin.org.dita.pdf2.dir"><string>plugins/org.dita.pdf2</string></property><property name="print_transtypes"><string>pdf;pdf2;synopsyspdf;sig-pdf</string></property><property name="onlytopicinmap"><string>false</string></property><property name="supported_resource_extensions"><string>.pdf;.swf</string></property><property name="plugin.org.dita.xhtml.dir"><string>plugins/org.dita.xhtml</string></property><property name="plugin.com.oxygenxml.common.dir"><string>plugins/com.oxygenxml.common</string></property><property name="plugin.org.dita.index.dir"><string>plugins/org.dita.index</string></property><property name="relflagimagelist"><string></string></property><property name="supported_html_extensions"><string>.html;.htm</string></property><property name="plugin.order"><string>org.dita.base org.oasis-open.dita.v1_3 org.oasis-open.dita.v1_2</string></property><property name="otrelease"><string>3.5</string></property><property name="supported_image_extensions"><string>.gif;.svg;.bmp;.jpg;.tif;.eps;.jpeg;.png;.tiff</string></property><property name="InputMapDir"><string>/Users/robwill/repos/altair/src/en/topics/t_how-to-triage.dita</string></property><property name="org.dita.pdf2.i18n.enabled"><string>true</string></property><property name="plugin.com.oxygenxml.webhelp.classic.dir"><string>plugins/com.oxygenxml.webhelp.classic</string></property><property name="plugin.com.synopsys.sig.docs.sig-html5.dir"><string>plugins/com.synopsys.sig.docs.sig-html5</string></property><property name="user.input.dir.uri"><string>file:/Users/robwill/repos/altair/src/en/</string></property><property name="plugin.org.dita.html5.dir"><string>plugins/org.dita.html5</string></property><property name="generatecopyouter"><string>NOT_GENERATEOUTTER</string></property><property name="default.cascade"><string>merge</string></property><property name="plugin.org.oasis-open.xdita.v0_2_2.dir"><string>plugins/org.oasis-open.xdita.v0_2_2</string></property><property name="plugin.org.dita.eclipsehelp.dir"><string>plugins/org.dita.eclipsehelp</string></property><property name="outputdir"><string>/Users/robwill/repos/altair/src/en/topics/out/topic-pdf</string></property><property name="plugin.org.dita.htmlhelp.dir"><string>plugins/org.dita.htmlhelp</string></property><property name="plugin.com.synopsys.sig.docs.sig-pdf.dir"><string>plugins/com.synopsys.sig.docs.sig-pdf</string></property><property name="temp-file-name-scheme"><string>org.dita.dost.module.reader.HashTempFileScheme</string></property><property name="plugin.com.synopsys.pdf.dir"><string>plugins/com.synopsys.pdf</string></property><property name="plugin.org.dita.base.dir"><string>plugins/org.dita.base</string></property><property name="plugin.com.synopsys.sig.docs.sig-html5-1file.dir"><string>plugins/com.synopsys.sig.docs.sig-html5-1file</string></property><property name="plugindirs"><string>plugins;demo</string></property><property name="parser.mdita"><string>com.elovirta.dita.markdown.MDitaReader</string></property><property name="user.input.file.listfile"><string>usr.input.file.list</string></property><property name="plugin.ignores"><string></string></property><property name="outercontrol"><string>WARN</string></property><property name="plugin.com.synopsys.sig.docs.sig-webhelp.dir"><string>plugins/com.synopsys.sig.docs.sig-webhelp</string></property><property name="relflagimagefile"><string>relflagimage.list</string></property><property name="user.input.file.uri"><string>05abc6e68dbdc2b132904b25dad1acf6138ab590.dita</string></property><property name="plugin.com.oxygenxml.highlight.dir"><string>plugins/com.oxygenxml.highlight</string></property><property name="registry"><string>https://plugins.dita-ot.org/</string></property><property name="plugin.org.dita.normalize.dir"><string>plugins/org.dita.normalize</string></property><property name="plugin.org.dita.pdf2.axf.dir"><string>plugins/org.dita.pdf2.axf</string></property><property name="plugin.org.oasis-open.dita.v1_2.dir"><string>plugins/org.oasis-open.dita.v1_2</string></property><property name="plugin.org.oasis-open.dita.techcomm.v2_0.dir"><string>plugins/org.oasis-open.dita.techcomm.v2_0</string></property><property name="InputMapDir.uri"><string>file:/Users/robwill/repos/altair/src/en/topics/t_how-to-triage.dita</string></property><property name="plugin.com.oxygenxml.html.embed.dir"><string>plugins/com.oxygenxml.html.embed</string></property><property name="plugin.org.dita.pdf2.fop.dir"><string>plugins/org.dita.pdf2.fop</string></property><property name="plugin.org.lwdita.dir"><string>plugins/org.lwdita</string></property><property name="plugin.org.dita.pdf2.xep.dir"><string>plugins/org.dita.pdf2.xep</string></property><property name="plugin.com.oxygenxml.media.dir"><string>plugins/com.oxygenxml.media</string></property><property name="tempdirToinputmapdir.relative.value"><string></string></property><property name="plugin.com.oxygenxml.webhelp.responsive.dir"><string>plugins/com.oxygenxml.webhelp.responsive</string></property><property name="plugin.org.oasis-open.dita.v2_0.dir"><string>plugins/org.oasis-open.dita.v2_0</string></property><property name="otversion"><string>3.5.4</string></property><property name="plugin.org.oasis-open.dita.v1_3.dir"><string>plugins/org.oasis-open.dita.v1_3</string></property><property name="parser.markdown"><string>com.elovirta.dita.markdown.MarkdownReader</string></property><property name="uplevels"><string>../</string></property><files><file src="file:/Users/robwill/repos/altair/src/en/assets/images/Individual_Issue_Triage.png" uri="a681b3d1ec957dfb0c338ca105ed64397e7af312.png" path="a681b3d1ec957dfb0c338ca105ed64397e7af312.png" result="file:/Users/robwill/repos/altair/src/en/assets/images/Individual_Issue_Triage.png" format="image"></file><file src="file:/Users/robwill/repos/altair/src/en/topics/t_how-to-triage.dita" uri="05abc6e68dbdc2b132904b25dad1acf6138ab590.dita" path="05abc6e68dbdc2b132904b25dad1acf6138ab590.dita" result="file:/Users/robwill/repos/altair/src/en/topics/t_how-to-triage.dita" format="dita" has-link="true" target="true" input="true"></file></files></job>