<?xml version="1.0" encoding="UTF-8" standalone="yes"?><task xmlns:ditaarch="http://dita.oasis-open.org/architecture/2005/" xmlns:dita-ot="http://dita-ot.sourceforge.net/ns/201007/dita-ot" xmlns:opentopic-index="http://www.idiominc.com/opentopic/index" class="- topic/topic task/task " ditaarch:DITAArchVersion="1.3" domains="(topic task) (topic abbrev-d) a(props deliveryTarget) (topic equation-d) (topic hazard-d) (topic hi-d) (topic indexing-d) (topic markup-d) (topic mathml-d) (topic pr-d) (topic relmgmt-d) (topic sw-d) (topic svg-d) (topic ui-d) (topic ut-d) (topic markup-d xml-d) (topic task strictTaskbody-c)" id="t_integrate-repository" specializations="@props/deliveryTarget" xtrc="task:1;4:35" xtrf="file:/Users/robwill/repos/altair/src/en/topics/t_how-to-integrate-repository.dita">
    <title class="- topic/title " xtrc="title:1;5:12" xtrf="file:/Users/robwill/repos/altair/src/en/topics/t_how-to-integrate-repository.dita">Integrate a Repository</title>
    <taskbody class="- topic/body task/taskbody " id="integrate-repository-context" xtrc="taskbody:1;6:49" xtrf="file:/Users/robwill/repos/altair/src/en/topics/t_how-to-integrate-repository.dita">
        <context class="- topic/section task/context " xtrc="context:1;7:18" xtrf="file:/Users/robwill/repos/altair/src/en/topics/t_how-to-integrate-repository.dita">
            <p class="- topic/p " xtrc="p:1;8:16" xtrf="file:/Users/robwill/repos/altair/src/en/topics/t_how-to-integrate-repository.dita">Source Code Management (SCM) Repository integrations on Polaris supports the following:</p>
            <ul class="- topic/ul " xtrc="ul:1;9:17" xtrf="file:/Users/robwill/repos/altair/src/en/topics/t_how-to-integrate-repository.dita">
                <li class="- topic/li " xtrc="li:1;10:21" xtrf="file:/Users/robwill/repos/altair/src/en/topics/t_how-to-integrate-repository.dita">GitHub</li>
                <li class="- topic/li " xtrc="li:2;11:21" xtrf="file:/Users/robwill/repos/altair/src/en/topics/t_how-to-integrate-repository.dita">GitHub Enterprise</li>
                <li class="- topic/li " xtrc="li:3;12:21" xtrf="file:/Users/robwill/repos/altair/src/en/topics/t_how-to-integrate-repository.dita">GitLab</li>
            </ul>
            <p class="- topic/p " xtrc="p:2;14:16" xtrf="file:/Users/robwill/repos/altair/src/en/topics/t_how-to-integrate-repository.dita">Git integrations allow users to run scheduled SAST + SCA scans on a daily or weekly
                basis. Users may also choose to run tests on-demand using the UI. </p>
            <note class="- topic/note " id="note_uqs_kyx_t5b" xtrc="note:1;16:41" xtrf="file:/Users/robwill/repos/altair/src/en/topics/t_how-to-integrate-repository.dita">This integration is on a project level / one repository per
                project.</note>
        </context>
        
    </taskbody>
    
    <task class="- topic/topic task/task " ditaarch:DITAArchVersion="1.3" domains="(topic task) (topic abbrev-d) a(props deliveryTarget) (topic equation-d) (topic hazard-d) (topic hi-d) (topic indexing-d) (topic markup-d) (topic mathml-d) (topic pr-d) (topic relmgmt-d) (topic sw-d) (topic svg-d) (topic ui-d) (topic ut-d) (topic markup-d xml-d) (topic task strictTaskbody-c)" id="clf_4tf_2sb" specializations="@props/deliveryTarget" xtrc="task:2;22:28" xtrf="file:/Users/robwill/repos/altair/src/en/topics/t_how-to-integrate-repository.dita">
        <title class="- topic/title " xtrc="title:2;23:16" xtrf="file:/Users/robwill/repos/altair/src/en/topics/t_how-to-integrate-repository.dita">Steps for Integrating a single SMC Repository to a Project</title>
        <taskbody class="- topic/body task/taskbody " xtrc="taskbody:2;24:19" xtrf="file:/Users/robwill/repos/altair/src/en/topics/t_how-to-integrate-repository.dita">
            <context class="- topic/section task/context " xtrc="context:2;25:22" xtrf="file:/Users/robwill/repos/altair/src/en/topics/t_how-to-integrate-repository.dita">This allows you to select the repository when creating a new test for the
                project, see <xref class="- topic/xref " href="50645e37ef1a5c6a14f1321a5eccc4f37c5db6cb.dita" type="task" xtrc="xref:1;26:63" xtrf="file:/Users/robwill/repos/altair/src/en/topics/t_how-to-integrate-repository.dita"><?ditaot gentext?>How to Test</xref>. Only one repository can be used per
                    project.<ol class="- topic/ol " id="ol_q42_lzx_t5b" xtrc="ol:1;27:53" xtrf="file:/Users/robwill/repos/altair/src/en/topics/t_how-to-integrate-repository.dita">
                    <li class="- topic/li " xtrc="li:4;28:25" xtrf="file:/Users/robwill/repos/altair/src/en/topics/t_how-to-integrate-repository.dita">From <b class="+ topic/ph hi-d/b " xtrc="b:1;28:33" xtrf="file:/Users/robwill/repos/altair/src/en/topics/t_how-to-integrate-repository.dita">Application</b>, select a Project and navigate to <b class="+ topic/ph hi-d/b " xtrc="b:2;28:86" xtrf="file:/Users/robwill/repos/altair/src/en/topics/t_how-to-integrate-repository.dita">Settings</b>
                            &gt;<b class="+ topic/ph hi-d/b " xtrc="b:3;29:33" xtrf="file:/Users/robwill/repos/altair/src/en/topics/t_how-to-integrate-repository.dita"> Integrations</b>.</li>
                    <li class="- topic/li " xtrc="li:5;30:25" xtrf="file:/Users/robwill/repos/altair/src/en/topics/t_how-to-integrate-repository.dita">Select the repository source type: GitHub, GitHub Enterprise, or
                        GitLab.</li>
                    <li class="- topic/li " xtrc="li:6;32:25" xtrf="file:/Users/robwill/repos/altair/src/en/topics/t_how-to-integrate-repository.dita">Enter the <b class="+ topic/ph hi-d/b " xtrc="b:4;32:38" xtrf="file:/Users/robwill/repos/altair/src/en/topics/t_how-to-integrate-repository.dita">Repository URL</b>. <p class="- topic/p " xtrc="p:3;32:61" xtrf="file:/Users/robwill/repos/altair/src/en/topics/t_how-to-integrate-repository.dita">In your Git repo, click the "Clone" or
                            "Code" button, copy the "Clone with HTTPS" URL. (SSH is not
                            supported).</p></li>
                    <li class="- topic/li " xtrc="li:7;35:25" xtrf="file:/Users/robwill/repos/altair/src/en/topics/t_how-to-integrate-repository.dita">Enter the <b class="+ topic/ph hi-d/b " xtrc="b:5;35:38" xtrf="file:/Users/robwill/repos/altair/src/en/topics/t_how-to-integrate-repository.dita">Repository Access Token</b>. <p class="- topic/p " xtrc="p:4;35:70" xtrf="file:/Users/robwill/repos/altair/src/en/topics/t_how-to-integrate-repository.dita">Depending on your choice for
                            source above, you will need to generate an access token then paste it
                            into the text field. </p><p class="- topic/p " xtrc="p:5;37:57" xtrf="file:/Users/robwill/repos/altair/src/en/topics/t_how-to-integrate-repository.dita">When creating an access token:</p><ul class="- topic/ul " id="ul_kp3_3z3_y5b" xtrc="ul:2;38:49" xtrf="file:/Users/robwill/repos/altair/src/en/topics/t_how-to-integrate-repository.dita">
                            <li class="- topic/li " xtrc="li:8;39:33" xtrf="file:/Users/robwill/repos/altair/src/en/topics/t_how-to-integrate-repository.dita">Select or set custom <b class="+ topic/ph hi-d/b " xtrc="b:6;39:57" xtrf="file:/Users/robwill/repos/altair/src/en/topics/t_how-to-integrate-repository.dita">Expiration</b>. You control the integration
                                expiration date in git. It can be set for 7 days, 30 days, etc., but
                                to avoid issues in the future, it is recommended to select "No
                                    expiration".<image class="- topic/image " href="76b686a0356fd66d686242469bdc2e0e6f08fa3f.png" id="image_rnz_mcj_y5b" placement="break" width="500px" xtrc="image:1;44:75" xtrf="file:/Users/robwill/repos/altair/src/en/topics/t_how-to-integrate-repository.dita"/>
                            </li>
                            <li class="- topic/li " xtrc="li:9;46:33" xtrf="file:/Users/robwill/repos/altair/src/en/topics/t_how-to-integrate-repository.dita"><b class="+ topic/ph hi-d/b " xtrc="b:7;46:36" xtrf="file:/Users/robwill/repos/altair/src/en/topics/t_how-to-integrate-repository.dita">Select scopes</b>. Only access to "repo" is required. <image class="- topic/image " href="35df6e742edfcaca960cb5ecb131cd8c292ca174.png" id="image_dyv_5cj_y5b" placement="break" width="500px" xtrc="image:2;48:75" xtrf="file:/Users/robwill/repos/altair/src/en/topics/t_how-to-integrate-repository.dita"/></li>
                        </ul><p class="- topic/p " xtrc="p:6;49:33" xtrf="file:/Users/robwill/repos/altair/src/en/topics/t_how-to-integrate-repository.dita">Instructions for generating access tokens can be found in the
                            GitHub, GitHub Enterprise and GitLab online documentation. </p>Following
                        is an example token:<p class="- topic/p " xtrc="p:7;51:48" xtrf="file:/Users/robwill/repos/altair/src/en/topics/t_how-to-integrate-repository.dita">
                            <codeblock class="+ topic/pre pr-d/codeblock " id="codeblock_r42_lzx_t5b" xml:space="preserve" xtrc="codeblock:1;52:67" xtrf="file:/Users/robwill/repos/altair/src/en/topics/t_how-to-integrate-repository.dita">ghp_b8vffEJBcAwSO4JJv0y3FzKoivuEo71d4DaX</codeblock>
                        </p><p class="- topic/p " xtrc="p:8;53:32" xtrf="file:/Users/robwill/repos/altair/src/en/topics/t_how-to-integrate-repository.dita">For GitHub, see this <xref class="- topic/xref " format="html" href="https://urldefense.com/v3/__https://docs.github.com/en/authentication/keeping-your-account-and-data-secure/creating-a-personal-access-token__;!!A4F2R9G_pg!d82wtUKsL0TYUhncykG10F-8NBFU13ZaERXkbSx12fc8g4C-NzwUbL_b0imXY6SJlt2YO_CBx92iAn3VXw$" scope="external" xtrc="xref:2;55:64" xtrf="file:/Users/robwill/repos/altair/src/en/topics/t_how-to-integrate-repository.dita"><?ditaot usertext?>link</xref></p><p class="- topic/p " xtrc="p:9;55:82" xtrf="file:/Users/robwill/repos/altair/src/en/topics/t_how-to-integrate-repository.dita">For GitHub
                            Enterprise, see this <xref class="- topic/xref " format="html" href="https://docs.github.com/en/enterprise-server@2.22/authentication/keeping-your-account-and-data-secure/creating-a-personal-access-token" scope="external" xtrc="xref:3;58:64" xtrf="file:/Users/robwill/repos/altair/src/en/topics/t_how-to-integrate-repository.dita"><?ditaot usertext?>link</xref>.</p><p class="- topic/p " xtrc="p:10;58:83" xtrf="file:/Users/robwill/repos/altair/src/en/topics/t_how-to-integrate-repository.dita">For GitLab, see
                            this <xref class="- topic/xref " format="html" href="https://docs.gitlab.com/ee/user/profile/personal_access_tokens.html" scope="external" xtrc="xref:4;61:64" xtrf="file:/Users/robwill/repos/altair/src/en/topics/t_how-to-integrate-repository.dita"><?ditaot usertext?>link</xref>.</p></li>
                    <li class="- topic/li " xtrc="li:10;62:25" xtrf="file:/Users/robwill/repos/altair/src/en/topics/t_how-to-integrate-repository.dita">Click <b class="+ topic/ph hi-d/b " xtrc="b:8;62:34" xtrf="file:/Users/robwill/repos/altair/src/en/topics/t_how-to-integrate-repository.dita">Test your Connection</b>. A spinning circle indicates the test is
                        in progress.</li>
                    <li class="- topic/li " xtrc="li:11;64:25" xtrf="file:/Users/robwill/repos/altair/src/en/topics/t_how-to-integrate-repository.dita">
                        <p class="- topic/p " xtrc="p:11;65:28" xtrf="file:/Users/robwill/repos/altair/src/en/topics/t_how-to-integrate-repository.dita">Once the test is complete, you should either see either a green checkbox
                            and text indicating a successful connection, or a circled red X and text
                            indicating an unsuccessful connection.</p>
                        <p class="- topic/p " xtrc="p:12;68:28" xtrf="file:/Users/robwill/repos/altair/src/en/topics/t_how-to-integrate-repository.dita">If your connection is unsuccessful, check the following:<ol class="- topic/ol " id="ol_s42_lzx_t5b" xtrc="ol:2;69:53" xtrf="file:/Users/robwill/repos/altair/src/en/topics/t_how-to-integrate-repository.dita">
                                <li class="- topic/li " xtrc="li:12;70:37" xtrf="file:/Users/robwill/repos/altair/src/en/topics/t_how-to-integrate-repository.dita">Make sure you have a good network connection.</li>
                                <li class="- topic/li " xtrc="li:13;71:37" xtrf="file:/Users/robwill/repos/altair/src/en/topics/t_how-to-integrate-repository.dita">Check the Repository URL and Access Token to make sure they are
                                    accurate.</li>
                                <li class="- topic/li " xtrc="li:14;73:37" xtrf="file:/Users/robwill/repos/altair/src/en/topics/t_how-to-integrate-repository.dita">Check that the Repository Access Token is still valid and has
                                    not expired. </li>
                            </ol></p>
                    </li>
                    <li class="- topic/li " xtrc="li:15;77:25" xtrf="file:/Users/robwill/repos/altair/src/en/topics/t_how-to-integrate-repository.dita">If your connection is successful, click<b class="+ topic/ph hi-d/b " xtrc="b:9;77:67" xtrf="file:/Users/robwill/repos/altair/src/en/topics/t_how-to-integrate-repository.dita"> Save</b>, or use Cancel to cancel
                        the setup.</li>
                    <li class="- topic/li " xtrc="li:16;79:25" xtrf="file:/Users/robwill/repos/altair/src/en/topics/t_how-to-integrate-repository.dita">You can then scan on demand (see <xref class="- topic/xref " format="html" href="https://sig-confluence.internal.synopsys.com/display/PolDocs/Select+files+and+start+testing" scope="external" xtrc="xref:5;81:60" xtrf="file:/Users/robwill/repos/altair/src/en/topics/t_how-to-integrate-repository.dita"><?ditaot usertext?>Select files and start testing</xref>) or
                        schedule automatic testing on a daily or weekly basis), see <xref class="- topic/xref " href="1e45a2fe8c01af8302f35a116809d53168825c25.dita" type="task" xtrc="xref:6;83:68" xtrf="file:/Users/robwill/repos/altair/src/en/topics/t_how-to-integrate-repository.dita"><?ditaot gentext?>Test Frequency Policies<?ditaot genshortdesc?><desc class="- topic/desc ">From the <b class="+ topic/ph hi-d/b " xtrc="b:1;5:28" xtrf="file:/Users/robwill/repos/altair/src/en/topics/t_test_frequency_policies.dita">Polices</b> page, you can view, create, and edit test frequency         policies.</desc></xref>.</li>
                </ol></context>
        </taskbody>
    </task>
    
    
    
<opentopic-index:index.groups/></task>