<?xml version="1.0" encoding="UTF-8"?><!--
This file is part of the DITA Open Toolkit project.

Copyright 2004, 2005 IBM Corporation

See the accompanying LICENSE file for applicable license.
--><langlist>  
  
  <lang xmlns:dita="http://dita-ot.sourceforge.net" filename="file:/Users/robwill/repos/docs-dita-tools/dita-ot/plugins/org.dita.base/xsl/common/strings-common.xml" xml:lang=""/>
  <lang filename="file:/Users/robwill/repos/docs-dita-tools/dita-ot/plugins/org.dita.base/xsl/common/strings-ar-eg.xml" xml:lang="ar"/>
  <lang filename="file:/Users/robwill/repos/docs-dita-tools/dita-ot/plugins/org.dita.base/xsl/common/strings-ar-eg.xml" xml:lang="ar-eg"/>
  <lang filename="file:/Users/robwill/repos/docs-dita-tools/dita-ot/plugins/org.dita.base/xsl/common/strings-be-by.xml" xml:lang="be"/>
  <lang filename="file:/Users/robwill/repos/docs-dita-tools/dita-ot/plugins/org.dita.base/xsl/common/strings-be-by.xml" xml:lang="be-by"/>
  <lang filename="file:/Users/robwill/repos/docs-dita-tools/dita-ot/plugins/org.dita.base/xsl/common/strings-bg-bg.xml" xml:lang="bg"/>
  <lang filename="file:/Users/robwill/repos/docs-dita-tools/dita-ot/plugins/org.dita.base/xsl/common/strings-bg-bg.xml" xml:lang="bg-bg"/>
  <lang filename="file:/Users/robwill/repos/docs-dita-tools/dita-ot/plugins/org.dita.base/xsl/common/strings-bs-ba.xml" xml:lang="bs"/>
  <lang filename="file:/Users/robwill/repos/docs-dita-tools/dita-ot/plugins/org.dita.base/xsl/common/strings-bs-ba.xml" xml:lang="bs-ba"/>
  <lang filename="file:/Users/robwill/repos/docs-dita-tools/dita-ot/plugins/org.dita.base/xsl/common/strings-ca-es.xml" xml:lang="ca"/>
  <lang filename="file:/Users/robwill/repos/docs-dita-tools/dita-ot/plugins/org.dita.base/xsl/common/strings-ca-es.xml" xml:lang="ca-es"/>
  <lang filename="file:/Users/robwill/repos/docs-dita-tools/dita-ot/plugins/org.dita.base/xsl/common/strings-cs-cz.xml" xml:lang="cs"/>
  <lang filename="file:/Users/robwill/repos/docs-dita-tools/dita-ot/plugins/org.dita.base/xsl/common/strings-cs-cz.xml" xml:lang="cs-cz"/>
  <lang filename="file:/Users/robwill/repos/docs-dita-tools/dita-ot/plugins/org.dita.base/xsl/common/strings-da-dk.xml" xml:lang="da"/>
  <lang filename="file:/Users/robwill/repos/docs-dita-tools/dita-ot/plugins/org.dita.base/xsl/common/strings-da-dk.xml" xml:lang="da-dk"/>
  <lang filename="file:/Users/robwill/repos/docs-dita-tools/dita-ot/plugins/org.dita.base/xsl/common/strings-de-de.xml" xml:lang="de"/>
  <lang filename="file:/Users/robwill/repos/docs-dita-tools/dita-ot/plugins/org.dita.base/xsl/common/strings-de-de.xml" xml:lang="de-ch"/>
  <lang filename="file:/Users/robwill/repos/docs-dita-tools/dita-ot/plugins/org.dita.base/xsl/common/strings-de-de.xml" xml:lang="de-de"/>
  <lang filename="file:/Users/robwill/repos/docs-dita-tools/dita-ot/plugins/org.dita.base/xsl/common/strings-el-gr.xml" xml:lang="el"/>
  <lang filename="file:/Users/robwill/repos/docs-dita-tools/dita-ot/plugins/org.dita.base/xsl/common/strings-el-gr.xml" xml:lang="el-gr"/>
  <lang filename="file:/Users/robwill/repos/docs-dita-tools/dita-ot/plugins/org.dita.base/xsl/common/strings-en-us.xml" xml:lang="en"/>
  <lang filename="file:/Users/robwill/repos/docs-dita-tools/dita-ot/plugins/org.dita.base/xsl/common/strings-en-us.xml" xml:lang="en-ca"/>
  <lang filename="file:/Users/robwill/repos/docs-dita-tools/dita-ot/plugins/org.dita.base/xsl/common/strings-en-us.xml" xml:lang="en-gb"/>
  <lang filename="file:/Users/robwill/repos/docs-dita-tools/dita-ot/plugins/org.dita.base/xsl/common/strings-en-us.xml" xml:lang="en-us"/>
  <lang filename="file:/Users/robwill/repos/docs-dita-tools/dita-ot/plugins/org.dita.base/xsl/common/strings-es-es.xml" xml:lang="es"/>
  <lang filename="file:/Users/robwill/repos/docs-dita-tools/dita-ot/plugins/org.dita.base/xsl/common/strings-es-es.xml" xml:lang="es-es"/>
  <lang filename="file:/Users/robwill/repos/docs-dita-tools/dita-ot/plugins/org.dita.base/xsl/common/strings-es-es.xml" xml:lang="es-419"/>
  <lang filename="file:/Users/robwill/repos/docs-dita-tools/dita-ot/plugins/org.dita.base/xsl/common/strings-et-ee.xml" xml:lang="et"/>
  <lang filename="file:/Users/robwill/repos/docs-dita-tools/dita-ot/plugins/org.dita.base/xsl/common/strings-et-ee.xml" xml:lang="et-ee"/>
  <lang filename="file:/Users/robwill/repos/docs-dita-tools/dita-ot/plugins/org.dita.base/xsl/common/strings-fi-fi.xml" xml:lang="fi"/>
  <lang filename="file:/Users/robwill/repos/docs-dita-tools/dita-ot/plugins/org.dita.base/xsl/common/strings-fi-fi.xml" xml:lang="fi-fi"/>
  <lang filename="file:/Users/robwill/repos/docs-dita-tools/dita-ot/plugins/org.dita.base/xsl/common/strings-fr-fr.xml" xml:lang="fr"/>
  <lang filename="file:/Users/robwill/repos/docs-dita-tools/dita-ot/plugins/org.dita.base/xsl/common/strings-fr-fr.xml" xml:lang="fr-be"/>
  <lang filename="file:/Users/robwill/repos/docs-dita-tools/dita-ot/plugins/org.dita.base/xsl/common/strings-fr-fr.xml" xml:lang="fr-ca"/>
  <lang filename="file:/Users/robwill/repos/docs-dita-tools/dita-ot/plugins/org.dita.base/xsl/common/strings-fr-fr.xml" xml:lang="fr-ch"/>
  <lang filename="file:/Users/robwill/repos/docs-dita-tools/dita-ot/plugins/org.dita.base/xsl/common/strings-fr-fr.xml" xml:lang="fr-fr"/>
  <lang filename="file:/Users/robwill/repos/docs-dita-tools/dita-ot/plugins/org.dita.base/xsl/common/strings-he-il.xml" xml:lang="he"/>
  <lang filename="file:/Users/robwill/repos/docs-dita-tools/dita-ot/plugins/org.dita.base/xsl/common/strings-he-il.xml" xml:lang="he-il"/>
  <lang filename="file:/Users/robwill/repos/docs-dita-tools/dita-ot/plugins/org.dita.base/xsl/common/strings-hr-hr.xml" xml:lang="hr"/>
  <lang filename="file:/Users/robwill/repos/docs-dita-tools/dita-ot/plugins/org.dita.base/xsl/common/strings-hr-hr.xml" xml:lang="hr-hr"/>
  <lang filename="file:/Users/robwill/repos/docs-dita-tools/dita-ot/plugins/org.dita.base/xsl/common/strings-hu-hu.xml" xml:lang="hu"/>
  <lang filename="file:/Users/robwill/repos/docs-dita-tools/dita-ot/plugins/org.dita.base/xsl/common/strings-hu-hu.xml" xml:lang="hu-hu"/>
  <lang filename="file:/Users/robwill/repos/docs-dita-tools/dita-ot/plugins/org.dita.base/xsl/common/strings-hi-in.xml" xml:lang="hi"/>
  <lang filename="file:/Users/robwill/repos/docs-dita-tools/dita-ot/plugins/org.dita.base/xsl/common/strings-hi-in.xml" xml:lang="hi-in"/>
  <lang filename="file:/Users/robwill/repos/docs-dita-tools/dita-ot/plugins/org.dita.base/xsl/common/strings-id-id.xml" xml:lang="id"/>
  <lang filename="file:/Users/robwill/repos/docs-dita-tools/dita-ot/plugins/org.dita.base/xsl/common/strings-id-id.xml" xml:lang="id-id"/>
  <lang filename="file:/Users/robwill/repos/docs-dita-tools/dita-ot/plugins/org.dita.base/xsl/common/strings-is-is.xml" xml:lang="is"/>
  <lang filename="file:/Users/robwill/repos/docs-dita-tools/dita-ot/plugins/org.dita.base/xsl/common/strings-is-is.xml" xml:lang="is-is"/>
  <lang filename="file:/Users/robwill/repos/docs-dita-tools/dita-ot/plugins/org.dita.base/xsl/common/strings-it-it.xml" xml:lang="it"/>
  <lang filename="file:/Users/robwill/repos/docs-dita-tools/dita-ot/plugins/org.dita.base/xsl/common/strings-it-it.xml" xml:lang="it-ch"/>
  <lang filename="file:/Users/robwill/repos/docs-dita-tools/dita-ot/plugins/org.dita.base/xsl/common/strings-it-it.xml" xml:lang="it-it"/>
  <lang filename="file:/Users/robwill/repos/docs-dita-tools/dita-ot/plugins/org.dita.base/xsl/common/strings-ja-jp.xml" xml:lang="ja"/>
  <lang filename="file:/Users/robwill/repos/docs-dita-tools/dita-ot/plugins/org.dita.base/xsl/common/strings-ja-jp.xml" xml:lang="ja-jp"/>
  <lang filename="file:/Users/robwill/repos/docs-dita-tools/dita-ot/plugins/org.dita.base/xsl/common/strings-kk-kz.xml" xml:lang="kk"/>
  <lang filename="file:/Users/robwill/repos/docs-dita-tools/dita-ot/plugins/org.dita.base/xsl/common/strings-kk-kz.xml" xml:lang="kk-kz"/>
  <lang filename="file:/Users/robwill/repos/docs-dita-tools/dita-ot/plugins/org.dita.base/xsl/common/strings-ko-kr.xml" xml:lang="ko"/>
  <lang filename="file:/Users/robwill/repos/docs-dita-tools/dita-ot/plugins/org.dita.base/xsl/common/strings-ko-kr.xml" xml:lang="ko-kr"/>
  <lang filename="file:/Users/robwill/repos/docs-dita-tools/dita-ot/plugins/org.dita.base/xsl/common/strings-lt-lt.xml" xml:lang="lt"/>
  <lang filename="file:/Users/robwill/repos/docs-dita-tools/dita-ot/plugins/org.dita.base/xsl/common/strings-lt-lt.xml" xml:lang="lt-lt"/>
  <lang filename="file:/Users/robwill/repos/docs-dita-tools/dita-ot/plugins/org.dita.base/xsl/common/strings-lv-lv.xml" xml:lang="lv"/>
  <lang filename="file:/Users/robwill/repos/docs-dita-tools/dita-ot/plugins/org.dita.base/xsl/common/strings-lv-lv.xml" xml:lang="lv-lv"/>
  <lang filename="file:/Users/robwill/repos/docs-dita-tools/dita-ot/plugins/org.dita.base/xsl/common/strings-mk-mk.xml" xml:lang="mk"/>
  <lang filename="file:/Users/robwill/repos/docs-dita-tools/dita-ot/plugins/org.dita.base/xsl/common/strings-mk-mk.xml" xml:lang="mk-mk"/>
  <lang filename="file:/Users/robwill/repos/docs-dita-tools/dita-ot/plugins/org.dita.base/xsl/common/strings-ms-my.xml" xml:lang="ms"/>
  <lang filename="file:/Users/robwill/repos/docs-dita-tools/dita-ot/plugins/org.dita.base/xsl/common/strings-ms-my.xml" xml:lang="ms-my"/>
  <lang filename="file:/Users/robwill/repos/docs-dita-tools/dita-ot/plugins/org.dita.base/xsl/common/strings-nl-nl.xml" xml:lang="nl"/>
  <lang filename="file:/Users/robwill/repos/docs-dita-tools/dita-ot/plugins/org.dita.base/xsl/common/strings-nl-nl.xml" xml:lang="nl-be"/>
  <lang filename="file:/Users/robwill/repos/docs-dita-tools/dita-ot/plugins/org.dita.base/xsl/common/strings-nl-nl.xml" xml:lang="nl-nl"/>
  <lang filename="file:/Users/robwill/repos/docs-dita-tools/dita-ot/plugins/org.dita.base/xsl/common/strings-no-no.xml" xml:lang="no"/>
  <lang filename="file:/Users/robwill/repos/docs-dita-tools/dita-ot/plugins/org.dita.base/xsl/common/strings-no-no.xml" xml:lang="no-no"/>
  <lang filename="file:/Users/robwill/repos/docs-dita-tools/dita-ot/plugins/org.dita.base/xsl/common/strings-no-no.xml" xml:lang="nb-no"/>
  <lang filename="file:/Users/robwill/repos/docs-dita-tools/dita-ot/plugins/org.dita.base/xsl/common/strings-pl-pl.xml" xml:lang="pl"/>
  <lang filename="file:/Users/robwill/repos/docs-dita-tools/dita-ot/plugins/org.dita.base/xsl/common/strings-pl-pl.xml" xml:lang="pl-pl"/>
  <lang filename="file:/Users/robwill/repos/docs-dita-tools/dita-ot/plugins/org.dita.base/xsl/common/strings-pt-pt.xml" xml:lang="pt"/>
  <lang filename="file:/Users/robwill/repos/docs-dita-tools/dita-ot/plugins/org.dita.base/xsl/common/strings-pt-br.xml" xml:lang="pt-br"/>
  <lang filename="file:/Users/robwill/repos/docs-dita-tools/dita-ot/plugins/org.dita.base/xsl/common/strings-pt-pt.xml" xml:lang="pt-pt"/>
  <lang filename="file:/Users/robwill/repos/docs-dita-tools/dita-ot/plugins/org.dita.base/xsl/common/strings-ro-ro.xml" xml:lang="ro"/>
  <lang filename="file:/Users/robwill/repos/docs-dita-tools/dita-ot/plugins/org.dita.base/xsl/common/strings-ro-ro.xml" xml:lang="ro-ro"/>
  <lang filename="file:/Users/robwill/repos/docs-dita-tools/dita-ot/plugins/org.dita.base/xsl/common/strings-ru-ru.xml" xml:lang="ru"/>
  <lang filename="file:/Users/robwill/repos/docs-dita-tools/dita-ot/plugins/org.dita.base/xsl/common/strings-ru-ru.xml" xml:lang="ru-ru"/>
  <lang filename="file:/Users/robwill/repos/docs-dita-tools/dita-ot/plugins/org.dita.base/xsl/common/strings-sk-sk.xml" xml:lang="sk"/>
  <lang filename="file:/Users/robwill/repos/docs-dita-tools/dita-ot/plugins/org.dita.base/xsl/common/strings-sk-sk.xml" xml:lang="sk-sk"/>
  <lang filename="file:/Users/robwill/repos/docs-dita-tools/dita-ot/plugins/org.dita.base/xsl/common/strings-sl-si.xml" xml:lang="sl"/>
  <lang filename="file:/Users/robwill/repos/docs-dita-tools/dita-ot/plugins/org.dita.base/xsl/common/strings-sl-si.xml" xml:lang="sl-si"/>
  <lang filename="file:/Users/robwill/repos/docs-dita-tools/dita-ot/plugins/org.dita.base/xsl/common/strings-sr-sp.xml" xml:lang="sr"/>
  <lang filename="file:/Users/robwill/repos/docs-dita-tools/dita-ot/plugins/org.dita.base/xsl/common/strings-sr-sp.xml" xml:lang="sr-rs"/>
  <lang filename="file:/Users/robwill/repos/docs-dita-tools/dita-ot/plugins/org.dita.base/xsl/common/strings-sr-sp.xml" xml:lang="sr-sp"/>
  <lang filename="file:/Users/robwill/repos/docs-dita-tools/dita-ot/plugins/org.dita.base/xsl/common/strings-sr-latn-rs.xml" xml:lang="sr-latn-rs"/>
  <lang filename="file:/Users/robwill/repos/docs-dita-tools/dita-ot/plugins/org.dita.base/xsl/common/strings-sr-latn-me.xml" xml:lang="sr-latn-me"/>
  <lang filename="file:/Users/robwill/repos/docs-dita-tools/dita-ot/plugins/org.dita.base/xsl/common/strings-sv-se.xml" xml:lang="sv"/>
  <lang filename="file:/Users/robwill/repos/docs-dita-tools/dita-ot/plugins/org.dita.base/xsl/common/strings-sv-se.xml" xml:lang="sv-se"/>
  <lang filename="file:/Users/robwill/repos/docs-dita-tools/dita-ot/plugins/org.dita.base/xsl/common/strings-th-th.xml" xml:lang="th"/>
  <lang filename="file:/Users/robwill/repos/docs-dita-tools/dita-ot/plugins/org.dita.base/xsl/common/strings-th-th.xml" xml:lang="th-th"/>
  <lang filename="file:/Users/robwill/repos/docs-dita-tools/dita-ot/plugins/org.dita.base/xsl/common/strings-tr-tr.xml" xml:lang="tr"/>
  <lang filename="file:/Users/robwill/repos/docs-dita-tools/dita-ot/plugins/org.dita.base/xsl/common/strings-tr-tr.xml" xml:lang="tr-tr"/>
  <lang filename="file:/Users/robwill/repos/docs-dita-tools/dita-ot/plugins/org.dita.base/xsl/common/strings-uk-ua.xml" xml:lang="uk"/>
  <lang filename="file:/Users/robwill/repos/docs-dita-tools/dita-ot/plugins/org.dita.base/xsl/common/strings-uk-ua.xml" xml:lang="uk-ua"/>
  <lang filename="file:/Users/robwill/repos/docs-dita-tools/dita-ot/plugins/org.dita.base/xsl/common/strings-ur-pk.xml" xml:lang="ur"/>
  <lang filename="file:/Users/robwill/repos/docs-dita-tools/dita-ot/plugins/org.dita.base/xsl/common/strings-ur-pk.xml" xml:lang="ur-pk"/>
  <lang filename="file:/Users/robwill/repos/docs-dita-tools/dita-ot/plugins/org.dita.base/xsl/common/strings-vi-vn.xml" xml:lang="vi"/>
  <lang filename="file:/Users/robwill/repos/docs-dita-tools/dita-ot/plugins/org.dita.base/xsl/common/strings-vi-vn.xml" xml:lang="vi-vn"/>
  <lang filename="file:/Users/robwill/repos/docs-dita-tools/dita-ot/plugins/org.dita.base/xsl/common/strings-zh-cn.xml" xml:lang="zh"/>
  <lang filename="file:/Users/robwill/repos/docs-dita-tools/dita-ot/plugins/org.dita.base/xsl/common/strings-zh-cn.xml" xml:lang="zh-cn"/>
  <lang filename="file:/Users/robwill/repos/docs-dita-tools/dita-ot/plugins/org.dita.base/xsl/common/strings-zh-cn.xml" xml:lang="zh-hans"/>
  <lang filename="file:/Users/robwill/repos/docs-dita-tools/dita-ot/plugins/org.dita.base/xsl/common/strings-zh-tw.xml" xml:lang="zh-tw"/>
  <lang filename="file:/Users/robwill/repos/docs-dita-tools/dita-ot/plugins/org.dita.base/xsl/common/strings-zh-tw.xml" xml:lang="zh-hant"/>

    <lang filename="file:/Users/robwill/repos/docs-dita-tools/dita-ot/plugins/com.oxygenxml.webhelp.classic/oxygen-webhelp/resources/localization/strings-en-us.xml" xml:lang="en"/>
    <lang filename="file:/Users/robwill/repos/docs-dita-tools/dita-ot/plugins/com.oxygenxml.webhelp.classic/oxygen-webhelp/resources/localization/strings-en-us.xml" xml:lang="en-ca"/>
    <lang filename="file:/Users/robwill/repos/docs-dita-tools/dita-ot/plugins/com.oxygenxml.webhelp.classic/oxygen-webhelp/resources/localization/strings-en-us.xml" xml:lang="en-gb"/>
    <lang filename="file:/Users/robwill/repos/docs-dita-tools/dita-ot/plugins/com.oxygenxml.webhelp.classic/oxygen-webhelp/resources/localization/strings-en-us.xml" xml:lang="en-us"/>
    <lang filename="file:/Users/robwill/repos/docs-dita-tools/dita-ot/plugins/com.oxygenxml.webhelp.classic/oxygen-webhelp/resources/localization/strings-fr-fr.xml" xml:lang="fr"/>
    <lang filename="file:/Users/robwill/repos/docs-dita-tools/dita-ot/plugins/com.oxygenxml.webhelp.classic/oxygen-webhelp/resources/localization/strings-fr-fr.xml" xml:lang="fr-fr"/>
    <lang filename="file:/Users/robwill/repos/docs-dita-tools/dita-ot/plugins/com.oxygenxml.webhelp.classic/oxygen-webhelp/resources/localization/strings-fr-fr.xml" xml:lang="fr-be"/>
    <lang filename="file:/Users/robwill/repos/docs-dita-tools/dita-ot/plugins/com.oxygenxml.webhelp.classic/oxygen-webhelp/resources/localization/strings-fr-ca.xml" xml:lang="fr-ca"/>
    <lang filename="file:/Users/robwill/repos/docs-dita-tools/dita-ot/plugins/com.oxygenxml.webhelp.classic/oxygen-webhelp/resources/localization/strings-fr-fr.xml" xml:lang="fr-ch"/>
    <lang filename="file:/Users/robwill/repos/docs-dita-tools/dita-ot/plugins/com.oxygenxml.webhelp.classic/oxygen-webhelp/resources/localization/strings-de-de.xml" xml:lang="de"/>
    <lang filename="file:/Users/robwill/repos/docs-dita-tools/dita-ot/plugins/com.oxygenxml.webhelp.classic/oxygen-webhelp/resources/localization/strings-de-de.xml" xml:lang="de-ch"/>
    <lang filename="file:/Users/robwill/repos/docs-dita-tools/dita-ot/plugins/com.oxygenxml.webhelp.classic/oxygen-webhelp/resources/localization/strings-de-de.xml" xml:lang="de-de"/>
    <lang filename="file:/Users/robwill/repos/docs-dita-tools/dita-ot/plugins/com.oxygenxml.webhelp.classic/oxygen-webhelp/resources/localization/strings-ja-jp.xml" xml:lang="ja"/>
    <lang filename="file:/Users/robwill/repos/docs-dita-tools/dita-ot/plugins/com.oxygenxml.webhelp.classic/oxygen-webhelp/resources/localization/strings-ja-jp.xml" xml:lang="ja-jp"/>
    <lang filename="file:/Users/robwill/repos/docs-dita-tools/dita-ot/plugins/com.oxygenxml.webhelp.classic/oxygen-webhelp/resources/localization/strings-zh-cn.xml" xml:lang="zh-cn"/>
    

    <lang filename="file:/Users/robwill/repos/docs-dita-tools/dita-ot/plugins/com.oxygenxml.webhelp.responsive/oxygen-webhelp/resources/localization/strings-en-us.xml" xml:lang="en"/>
    <lang filename="file:/Users/robwill/repos/docs-dita-tools/dita-ot/plugins/com.oxygenxml.webhelp.responsive/oxygen-webhelp/resources/localization/strings-en-us.xml" xml:lang="en-ca"/>
    <lang filename="file:/Users/robwill/repos/docs-dita-tools/dita-ot/plugins/com.oxygenxml.webhelp.responsive/oxygen-webhelp/resources/localization/strings-en-us.xml" xml:lang="en-gb"/>
    <lang filename="file:/Users/robwill/repos/docs-dita-tools/dita-ot/plugins/com.oxygenxml.webhelp.responsive/oxygen-webhelp/resources/localization/strings-en-us.xml" xml:lang="en-us"/>
    <lang filename="file:/Users/robwill/repos/docs-dita-tools/dita-ot/plugins/com.oxygenxml.webhelp.responsive/oxygen-webhelp/resources/localization/strings-fr-fr.xml" xml:lang="fr"/>
    <lang filename="file:/Users/robwill/repos/docs-dita-tools/dita-ot/plugins/com.oxygenxml.webhelp.responsive/oxygen-webhelp/resources/localization/strings-fr-fr.xml" xml:lang="fr-fr"/>
    <lang filename="file:/Users/robwill/repos/docs-dita-tools/dita-ot/plugins/com.oxygenxml.webhelp.responsive/oxygen-webhelp/resources/localization/strings-fr-fr.xml" xml:lang="fr-be"/>
    <lang filename="file:/Users/robwill/repos/docs-dita-tools/dita-ot/plugins/com.oxygenxml.webhelp.responsive/oxygen-webhelp/resources/localization/strings-fr-ca.xml" xml:lang="fr-ca"/>
    <lang filename="file:/Users/robwill/repos/docs-dita-tools/dita-ot/plugins/com.oxygenxml.webhelp.responsive/oxygen-webhelp/resources/localization/strings-fr-fr.xml" xml:lang="fr-ch"/>
    <lang filename="file:/Users/robwill/repos/docs-dita-tools/dita-ot/plugins/com.oxygenxml.webhelp.responsive/oxygen-webhelp/resources/localization/strings-de-de.xml" xml:lang="de"/>
    <lang filename="file:/Users/robwill/repos/docs-dita-tools/dita-ot/plugins/com.oxygenxml.webhelp.responsive/oxygen-webhelp/resources/localization/strings-de-de.xml" xml:lang="de-ch"/>
    <lang filename="file:/Users/robwill/repos/docs-dita-tools/dita-ot/plugins/com.oxygenxml.webhelp.responsive/oxygen-webhelp/resources/localization/strings-de-de.xml" xml:lang="de-de"/>
    <lang filename="file:/Users/robwill/repos/docs-dita-tools/dita-ot/plugins/com.oxygenxml.webhelp.responsive/oxygen-webhelp/resources/localization/strings-ja-jp.xml" xml:lang="ja"/>
    <lang filename="file:/Users/robwill/repos/docs-dita-tools/dita-ot/plugins/com.oxygenxml.webhelp.responsive/oxygen-webhelp/resources/localization/strings-ja-jp.xml" xml:lang="ja-jp"/>
    <lang filename="file:/Users/robwill/repos/docs-dita-tools/dita-ot/plugins/com.oxygenxml.webhelp.responsive/oxygen-webhelp/resources/localization/strings-zh-cn.xml" xml:lang="zh"/>
    <lang filename="file:/Users/robwill/repos/docs-dita-tools/dita-ot/plugins/com.oxygenxml.webhelp.responsive/oxygen-webhelp/resources/localization/strings-zh-cn.xml" xml:lang="zh-cn"/>        

  <lang filename="file:/Users/robwill/repos/docs-dita-tools/dita-ot/plugins/org.dita.pdf2/cfg/common/vars/commonvariables.xml" xml:lang=""/>
  <lang filename="file:/Users/robwill/repos/docs-dita-tools/dita-ot/plugins/org.dita.pdf2/cfg/common/vars/ar.xml" xml:lang="ar"/>
  <lang filename="file:/Users/robwill/repos/docs-dita-tools/dita-ot/plugins/org.dita.pdf2/cfg/common/vars/be.xml" xml:lang="be"/>
  <lang filename="file:/Users/robwill/repos/docs-dita-tools/dita-ot/plugins/org.dita.pdf2/cfg/common/vars/bg.xml" xml:lang="bg"/>
  <lang filename="file:/Users/robwill/repos/docs-dita-tools/dita-ot/plugins/org.dita.pdf2/cfg/common/vars/bs.xml" xml:lang="bs"/>
  <lang filename="file:/Users/robwill/repos/docs-dita-tools/dita-ot/plugins/org.dita.pdf2/cfg/common/vars/ca.xml" xml:lang="ca"/>
  <lang filename="file:/Users/robwill/repos/docs-dita-tools/dita-ot/plugins/org.dita.pdf2/cfg/common/vars/cs.xml" xml:lang="cs"/>
  <lang filename="file:/Users/robwill/repos/docs-dita-tools/dita-ot/plugins/org.dita.pdf2/cfg/common/vars/da.xml" xml:lang="da"/>
  <lang filename="file:/Users/robwill/repos/docs-dita-tools/dita-ot/plugins/org.dita.pdf2/cfg/common/vars/de.xml" xml:lang="de"/>
  <lang filename="file:/Users/robwill/repos/docs-dita-tools/dita-ot/plugins/org.dita.pdf2/cfg/common/vars/en.xml" xml:lang="en"/>
  <lang filename="file:/Users/robwill/repos/docs-dita-tools/dita-ot/plugins/org.dita.pdf2/cfg/common/vars/el.xml" xml:lang="el"/>
  <lang filename="file:/Users/robwill/repos/docs-dita-tools/dita-ot/plugins/org.dita.pdf2/cfg/common/vars/es.xml" xml:lang="es"/>
  <lang filename="file:/Users/robwill/repos/docs-dita-tools/dita-ot/plugins/org.dita.pdf2/cfg/common/vars/et.xml" xml:lang="et"/>
  <lang filename="file:/Users/robwill/repos/docs-dita-tools/dita-ot/plugins/org.dita.pdf2/cfg/common/vars/fi.xml" xml:lang="fi"/>
  <lang filename="file:/Users/robwill/repos/docs-dita-tools/dita-ot/plugins/org.dita.pdf2/cfg/common/vars/fr.xml" xml:lang="fr"/>
  <lang filename="file:/Users/robwill/repos/docs-dita-tools/dita-ot/plugins/org.dita.pdf2/cfg/common/vars/he.xml" xml:lang="he"/>
  <lang filename="file:/Users/robwill/repos/docs-dita-tools/dita-ot/plugins/org.dita.pdf2/cfg/common/vars/hi.xml" xml:lang="hi"/>
  <lang filename="file:/Users/robwill/repos/docs-dita-tools/dita-ot/plugins/org.dita.pdf2/cfg/common/vars/hr.xml" xml:lang="hr"/>
  <lang filename="file:/Users/robwill/repos/docs-dita-tools/dita-ot/plugins/org.dita.pdf2/cfg/common/vars/hu.xml" xml:lang="hu"/>
  <lang filename="file:/Users/robwill/repos/docs-dita-tools/dita-ot/plugins/org.dita.pdf2/cfg/common/vars/id.xml" xml:lang="id"/>
  <lang filename="file:/Users/robwill/repos/docs-dita-tools/dita-ot/plugins/org.dita.pdf2/cfg/common/vars/is.xml" xml:lang="is"/>
  <lang filename="file:/Users/robwill/repos/docs-dita-tools/dita-ot/plugins/org.dita.pdf2/cfg/common/vars/it.xml" xml:lang="it"/>
  <lang filename="file:/Users/robwill/repos/docs-dita-tools/dita-ot/plugins/org.dita.pdf2/cfg/common/vars/ja.xml" xml:lang="ja"/>
  <lang filename="file:/Users/robwill/repos/docs-dita-tools/dita-ot/plugins/org.dita.pdf2/cfg/common/vars/kk.xml" xml:lang="kk"/>
  <lang filename="file:/Users/robwill/repos/docs-dita-tools/dita-ot/plugins/org.dita.pdf2/cfg/common/vars/ko.xml" xml:lang="ko"/>
  <lang filename="file:/Users/robwill/repos/docs-dita-tools/dita-ot/plugins/org.dita.pdf2/cfg/common/vars/lt.xml" xml:lang="lt"/>
  <lang filename="file:/Users/robwill/repos/docs-dita-tools/dita-ot/plugins/org.dita.pdf2/cfg/common/vars/lv.xml" xml:lang="lv"/>
  <lang filename="file:/Users/robwill/repos/docs-dita-tools/dita-ot/plugins/org.dita.pdf2/cfg/common/vars/mk.xml" xml:lang="mk"/>
  <lang filename="file:/Users/robwill/repos/docs-dita-tools/dita-ot/plugins/org.dita.pdf2/cfg/common/vars/ms.xml" xml:lang="ms"/>
  <lang filename="file:/Users/robwill/repos/docs-dita-tools/dita-ot/plugins/org.dita.pdf2/cfg/common/vars/nl.xml" xml:lang="nl"/>
  <lang filename="file:/Users/robwill/repos/docs-dita-tools/dita-ot/plugins/org.dita.pdf2/cfg/common/vars/no.xml" xml:lang="no"/>
  <lang filename="file:/Users/robwill/repos/docs-dita-tools/dita-ot/plugins/org.dita.pdf2/cfg/common/vars/no.xml" xml:lang="nb-no"/>
  <lang filename="file:/Users/robwill/repos/docs-dita-tools/dita-ot/plugins/org.dita.pdf2/cfg/common/vars/pl.xml" xml:lang="pl"/>
  <lang filename="file:/Users/robwill/repos/docs-dita-tools/dita-ot/plugins/org.dita.pdf2/cfg/common/vars/pt.xml" xml:lang="pt"/>
  <lang filename="file:/Users/robwill/repos/docs-dita-tools/dita-ot/plugins/org.dita.pdf2/cfg/common/vars/pt_BR.xml" xml:lang="pt-br"/>
  <lang filename="file:/Users/robwill/repos/docs-dita-tools/dita-ot/plugins/org.dita.pdf2/cfg/common/vars/ro.xml" xml:lang="ro"/>
  <lang filename="file:/Users/robwill/repos/docs-dita-tools/dita-ot/plugins/org.dita.pdf2/cfg/common/vars/ru.xml" xml:lang="ru"/>
  <lang filename="file:/Users/robwill/repos/docs-dita-tools/dita-ot/plugins/org.dita.pdf2/cfg/common/vars/sk.xml" xml:lang="sk"/>
  <lang filename="file:/Users/robwill/repos/docs-dita-tools/dita-ot/plugins/org.dita.pdf2/cfg/common/vars/sl.xml" xml:lang="sl"/>
  <lang filename="file:/Users/robwill/repos/docs-dita-tools/dita-ot/plugins/org.dita.pdf2/cfg/common/vars/sr.xml" xml:lang="sr"/>
  <lang filename="file:/Users/robwill/repos/docs-dita-tools/dita-ot/plugins/org.dita.pdf2/cfg/common/vars/sr-latn-me.xml" xml:lang="sr-latn-me"/>
  <lang filename="file:/Users/robwill/repos/docs-dita-tools/dita-ot/plugins/org.dita.pdf2/cfg/common/vars/sr-latn-rs.xml" xml:lang="sr-latn-rs"/>
  <lang filename="file:/Users/robwill/repos/docs-dita-tools/dita-ot/plugins/org.dita.pdf2/cfg/common/vars/sv.xml" xml:lang="sv"/>
  <lang filename="file:/Users/robwill/repos/docs-dita-tools/dita-ot/plugins/org.dita.pdf2/cfg/common/vars/th.xml" xml:lang="th"/>
  <lang filename="file:/Users/robwill/repos/docs-dita-tools/dita-ot/plugins/org.dita.pdf2/cfg/common/vars/tr.xml" xml:lang="tr"/>
  <lang filename="file:/Users/robwill/repos/docs-dita-tools/dita-ot/plugins/org.dita.pdf2/cfg/common/vars/uk.xml" xml:lang="uk"/>
  <lang filename="file:/Users/robwill/repos/docs-dita-tools/dita-ot/plugins/org.dita.pdf2/cfg/common/vars/ur.xml" xml:lang="ur"/>
  <lang filename="file:/Users/robwill/repos/docs-dita-tools/dita-ot/plugins/org.dita.pdf2/cfg/common/vars/vi.xml" xml:lang="vi"/>
  <lang filename="file:/Users/robwill/repos/docs-dita-tools/dita-ot/plugins/org.dita.pdf2/cfg/common/vars/zh_CN.xml" xml:lang="zh-cn"/>
  <lang filename="file:/Users/robwill/repos/docs-dita-tools/dita-ot/plugins/org.dita.pdf2/cfg/common/vars/zh_TW.xml" xml:lang="zh-tw"/>


	<lang filename="file:/Users/robwill/repos/docs-dita-tools/dita-ot/plugins/com.synopsys.pdf/cfg/common/strings/strings-en-us.xml" xml:lang="en-us"/>
	<lang filename="file:/Users/robwill/repos/docs-dita-tools/dita-ot/plugins/com.synopsys.pdf/cfg/common/strings/strings-en-us.xml" xml:lang="en"/>


<lang filename="file:/Users/robwill/repos/docs-dita-tools/dita-ot/plugins/com.synopsys.sig.docs.sig-pdf/cfg/common/vars/en.xml" xml:lang="en"/><lang filename="file:/Users/robwill/repos/docs-dita-tools/dita-ot/plugins/com.synopsys.sig.docs.sig-pdf/cfg/common/vars/ja.xml" xml:lang="ja"/><lang filename="file:/Users/robwill/repos/docs-dita-tools/dita-ot/plugins/com.synopsys.sig.docs.sig-pdf/cfg/common/vars/zh_CN.xml" xml:lang="zh-CN"/></langlist>