<?xml version="1.0" encoding="UTF-8" standalone="yes"?><reference xmlns:ditaarch="http://dita.oasis-open.org/architecture/2005/" xmlns:dita-ot="http://dita-ot.sourceforge.net/ns/201007/dita-ot" xmlns:opentopic-index="http://www.idiominc.com/opentopic/index" class="- topic/topic       reference/reference " ditaarch:DITAArchVersion="1.3" domains="(topic reference) (topic abbrev-d) a(props deliveryTarget) (topic equation-d) (topic hazard-d) (topic hi-d) (topic indexing-d) (topic markup-d) (topic mathml-d) (topic pr-d) (topic relmgmt-d) (topic sw-d) (topic svg-d) (topic ui-d) (topic ut-d) (topic markup-d xml-d)" id="consolidated_schema" specializations="@props/deliveryTarget" xml:lang="en-US" xtrc="reference:1;3:54" xtrf="file:/Users/robwill/repos/polaris-doc/src/en/topics/r_consolidated-schema.dita">
  <title class="- topic/title " xtrc="title:1;4:10" xtrf="file:/Users/robwill/repos/polaris-doc/src/en/topics/r_consolidated-schema.dita">Consolidated Configuration File Schema</title>
  <shortdesc class="- topic/shortdesc " xtrc="shortdesc:1;5:14" xtrf="file:/Users/robwill/repos/polaris-doc/src/en/topics/r_consolidated-schema.dita">This consolidated schema uses example data and paths for clarity. Your configuration file will have
    settings specific to your project. Refer to the following sections for detailed information and examples describing how to use the schema: <xref class="- topic/xref " href="d51a3b5b304a6ba252401f82255ac1dfe84459f9.dita" type="concept" xtrc="xref:1;6:178" xtrf="file:/Users/robwill/repos/polaris-doc/src/en/topics/r_consolidated-schema.dita"><?ditaot gentext?>The project Section<?ditaot genshortdesc?><desc class="- topic/desc "> The <codeph class="+ topic/ph pr-d/codeph " xtrc="codeph:1;7:27" xtrf="file:/Users/robwill/repos/polaris-doc/src/en/topics/c_conf-project.dita">project</codeph> section of the configuration file describes how your     project displays in the <keyword class="- topic/keyword " keyref="platform" xtrc="keyword:1;8:57" xtrf="file:/Users/robwill/repos/polaris-doc/src/en/topics/c_conf-project.dita"/> graphical user interface (GUI). In <keyword class="- topic/keyword " keyref="platform" xtrc="keyword:2;9:26" xtrf="file:/Users/robwill/repos/polaris-doc/src/en/topics/c_conf-project.dita"/>, results are tied to a specific revision of a specific branch of a     specific project. Refer to the project section of the <xref class="- topic/xref " href="fa00465893c8e1b92f040d61e1457a7e140b3bc0.dita" type="reference" xtrc="xref:1;10:100" xtrf="file:/Users/robwill/repos/polaris-doc/src/en/topics/c_conf-project.dita"><?ditaot gentext?>Consolidated Configuration File Schema<?ditaot genshortdesc?><desc class="- topic/desc ">This consolidated schema uses example data and paths for clarity. Your configuration file will have     settings specific to your project. Refer to the following sections for detailed information and examples describing how to use the schema: <xref class="- topic/xref " href="d51a3b5b304a6ba252401f82255ac1dfe84459f9.dita" xtrc="xref:1;6:178" xtrf="file:/Users/robwill/repos/polaris-doc/src/en/topics/r_consolidated-schema.dita"/>, <xref class="- topic/xref " href="90ffeca24f6940f6b5ec308d26406ce5ae874abd.dita" xtrc="xref:2;6:214" xtrf="file:/Users/robwill/repos/polaris-doc/src/en/topics/r_consolidated-schema.dita"/>, <xref class="- topic/xref " href="a4416a346731d8f55cba1e366acd3ce11b1261be.dita" xtrc="xref:3;6:250" xtrf="file:/Users/robwill/repos/polaris-doc/src/en/topics/r_consolidated-schema.dita"/>, and <xref class="- topic/xref " href="dec237f069cedf1ec6fa4d58247b64f09c74d74b.dita" xtrc="xref:4;6:290" xtrf="file:/Users/robwill/repos/polaris-doc/src/en/topics/r_consolidated-schema.dita"/>. </desc></xref>     for the full syntax.</desc></xref>, <xref class="- topic/xref " href="90ffeca24f6940f6b5ec308d26406ce5ae874abd.dita" type="concept" xtrc="xref:2;6:214" xtrf="file:/Users/robwill/repos/polaris-doc/src/en/topics/r_consolidated-schema.dita"><?ditaot gentext?>The capture Section<?ditaot genshortdesc?><desc class="- topic/desc "> The <codeph class="+ topic/ph pr-d/codeph " xtrc="codeph:1;7:27" xtrf="file:/Users/robwill/repos/polaris-doc/src/en/topics/c_conf-capture.dita">capture</codeph> section of the configuration file describes to <keyword class="- topic/keyword " keyref="platform" xtrc="keyword:1;8:26" xtrf="file:/Users/robwill/repos/polaris-doc/src/en/topics/c_conf-capture.dita"/> how to locate the files that should be included in the analysis. Refer to     the capture section of the <xref class="- topic/xref " href="fa00465893c8e1b92f040d61e1457a7e140b3bc0.dita" type="reference" xtrc="xref:1;9:73" xtrf="file:/Users/robwill/repos/polaris-doc/src/en/topics/c_conf-capture.dita"><?ditaot gentext?>Consolidated Configuration File Schema<?ditaot genshortdesc?><desc class="- topic/desc ">This consolidated schema uses example data and paths for clarity. Your configuration file will have     settings specific to your project. Refer to the following sections for detailed information and examples describing how to use the schema: <xref class="- topic/xref " href="d51a3b5b304a6ba252401f82255ac1dfe84459f9.dita" xtrc="xref:1;6:178" xtrf="file:/Users/robwill/repos/polaris-doc/src/en/topics/r_consolidated-schema.dita"/>, <xref class="- topic/xref " href="90ffeca24f6940f6b5ec308d26406ce5ae874abd.dita" xtrc="xref:2;6:214" xtrf="file:/Users/robwill/repos/polaris-doc/src/en/topics/r_consolidated-schema.dita"/>, <xref class="- topic/xref " href="a4416a346731d8f55cba1e366acd3ce11b1261be.dita" xtrc="xref:3;6:250" xtrf="file:/Users/robwill/repos/polaris-doc/src/en/topics/r_consolidated-schema.dita"/>, and <xref class="- topic/xref " href="dec237f069cedf1ec6fa4d58247b64f09c74d74b.dita" xtrc="xref:4;6:290" xtrf="file:/Users/robwill/repos/polaris-doc/src/en/topics/r_consolidated-schema.dita"/>. </desc></xref> for the full     syntax.</desc></xref>, <xref class="- topic/xref " href="a4416a346731d8f55cba1e366acd3ce11b1261be.dita" type="concept" xtrc="xref:3;6:250" xtrf="file:/Users/robwill/repos/polaris-doc/src/en/topics/r_consolidated-schema.dita"><?ditaot gentext?>The install Section<?ditaot genshortdesc?><desc class="- topic/desc "> The <codeph class="+ topic/ph pr-d/codeph " xtrc="codeph:1;7:26" xtrf="file:/Users/robwill/repos/polaris-doc/src/en/topics/c_conf-install.dita">install</codeph> section of the configuration file lists the analysis tools     that <keyword class="- topic/keyword " keyref="platform" xtrc="keyword:1;8:38" xtrf="file:/Users/robwill/repos/polaris-doc/src/en/topics/c_conf-install.dita"/> uses to analyze your project. Refer to the install section of     the <xref class="- topic/xref " href="fa00465893c8e1b92f040d61e1457a7e140b3bc0.dita" type="reference" xtrc="xref:1;9:50" xtrf="file:/Users/robwill/repos/polaris-doc/src/en/topics/c_conf-install.dita"><?ditaot gentext?>Consolidated Configuration File Schema<?ditaot genshortdesc?><desc class="- topic/desc ">This consolidated schema uses example data and paths for clarity. Your configuration file will have     settings specific to your project. Refer to the following sections for detailed information and examples describing how to use the schema: <xref class="- topic/xref " href="d51a3b5b304a6ba252401f82255ac1dfe84459f9.dita" xtrc="xref:1;6:178" xtrf="file:/Users/robwill/repos/polaris-doc/src/en/topics/r_consolidated-schema.dita"/>, <xref class="- topic/xref " href="90ffeca24f6940f6b5ec308d26406ce5ae874abd.dita" xtrc="xref:2;6:214" xtrf="file:/Users/robwill/repos/polaris-doc/src/en/topics/r_consolidated-schema.dita"/>, <xref class="- topic/xref " href="a4416a346731d8f55cba1e366acd3ce11b1261be.dita" xtrc="xref:3;6:250" xtrf="file:/Users/robwill/repos/polaris-doc/src/en/topics/r_consolidated-schema.dita"/>, and <xref class="- topic/xref " href="dec237f069cedf1ec6fa4d58247b64f09c74d74b.dita" xtrc="xref:4;6:290" xtrf="file:/Users/robwill/repos/polaris-doc/src/en/topics/r_consolidated-schema.dita"/>. </desc></xref> for the full syntax.</desc></xref>, and <xref class="- topic/xref " href="dec237f069cedf1ec6fa4d58247b64f09c74d74b.dita" type="concept" xtrc="xref:4;6:290" xtrf="file:/Users/robwill/repos/polaris-doc/src/en/topics/r_consolidated-schema.dita"><?ditaot gentext?>The analyze Section<?ditaot genshortdesc?><desc class="- topic/desc "> The <codeph class="+ topic/ph pr-d/codeph " xtrc="codeph:1;5:27" xtrf="file:/Users/robwill/repos/polaris-doc/src/en/topics/c_conf-analyze.dita">analyze</codeph> section of the configuration makes it possible to specify     additional information about how analysis should be performed. Refer to the analyze section of     the <xref class="- topic/xref " href="fa00465893c8e1b92f040d61e1457a7e140b3bc0.dita" type="reference" xtrc="xref:1;7:50" xtrf="file:/Users/robwill/repos/polaris-doc/src/en/topics/c_conf-analyze.dita"><?ditaot gentext?>Consolidated Configuration File Schema<?ditaot genshortdesc?><desc class="- topic/desc ">This consolidated schema uses example data and paths for clarity. Your configuration file will have     settings specific to your project. Refer to the following sections for detailed information and examples describing how to use the schema: <xref class="- topic/xref " href="d51a3b5b304a6ba252401f82255ac1dfe84459f9.dita" xtrc="xref:1;6:178" xtrf="file:/Users/robwill/repos/polaris-doc/src/en/topics/r_consolidated-schema.dita"/>, <xref class="- topic/xref " href="90ffeca24f6940f6b5ec308d26406ce5ae874abd.dita" xtrc="xref:2;6:214" xtrf="file:/Users/robwill/repos/polaris-doc/src/en/topics/r_consolidated-schema.dita"/>, <xref class="- topic/xref " href="a4416a346731d8f55cba1e366acd3ce11b1261be.dita" xtrc="xref:3;6:250" xtrf="file:/Users/robwill/repos/polaris-doc/src/en/topics/r_consolidated-schema.dita"/>, and <xref class="- topic/xref " href="dec237f069cedf1ec6fa4d58247b64f09c74d74b.dita" xtrc="xref:4;6:290" xtrf="file:/Users/robwill/repos/polaris-doc/src/en/topics/r_consolidated-schema.dita"/>. </desc></xref> for the full syntax.</desc></xref>. </shortdesc>
  <refbody class="- topic/body        reference/refbody " xtrc="refbody:1;7:12" xtrf="file:/Users/robwill/repos/polaris-doc/src/en/topics/r_consolidated-schema.dita">
    <section class="- topic/section " id="section_igf_1kf_brb" xtrc="section:1;8:39" xtrf="file:/Users/robwill/repos/polaris-doc/src/en/topics/r_consolidated-schema.dita">
      <title class="- topic/title " xtrc="title:2;9:14" xtrf="file:/Users/robwill/repos/polaris-doc/src/en/topics/r_consolidated-schema.dita">Schema</title>
      <codeblock class="+ topic/pre pr-d/codeblock " xml:space="preserve" xtrc="codeblock:1;10:18" xtrf="file:/Users/robwill/repos/polaris-doc/src/en/topics/r_consolidated-schema.dita">version: "1"
<b class="+ topic/ph hi-d/b " xtrc="b:1;11:4" xtrf="file:/Users/robwill/repos/polaris-doc/src/en/topics/r_consolidated-schema.dita">project:</b> 
  organization: &lt;orgName&gt;
  name: doc-examples-java-1 
  branch: doc-examples-java-branch
  revision:
    name: doc-examples-java
    date: "2021-08-16T05:12:39Z"
    modified: false
  captureDir: "/Users/path/captureDir"
  projectDir: "/Users/path/projectDir"
  scmUrl: "https://github.com/test/simplejava.git"
  properties:
    key1: 162918
    key2: 16291840
    key3: 1629184067
    key4: 162918406779
    key5: 1629184067794h
  groups:
    Group1: "Observer"
    Group2: "Administrator"
    Group3: "Contributor"<b class="+ topic/ph hi-d/b " xtrc="b:2;31:29" xtrf="file:/Users/robwill/repos/polaris-doc/src/en/topics/r_consolidated-schema.dita">
capture:</b>
  build:
    cleanCommands:
    - shell: [clean-command-component1, clean-command-component2, clean-command-component3...]
    buildCommands:
    - shell: [build-command-component1, build-command-component2, build-command-component3...]
    coverity:
      cov-build: [--option1, --option2]
      skipFiles:
       - "@File1"
       - "File2"
      cov-configure: [--option1, --option2]
  fileSystem: 
    language: 
      extensions: [extension] 
      files: 
      - directory: /directory
  coverity:
    idirCapture:
      idirPath: "/path/to/existing/idir"
    buildless:
      project:
        languages:
        - "java"
        - "javascript"
      sourceMode:
        sourceDirOptions:
        - "&lt;--option1&gt;"
        - "&lt;value1&gt;"
        - "&lt;--option2&gt;"
        - "&lt;value2&gt;"
        sourceDir: "source/directory/path/"
     autoCapture: "enable" | "disable"
     cov-security-da: "enable" | "disable"
<b class="+ topic/ph hi-d/b " xtrc="b:3;66:4" xtrf="file:/Users/robwill/repos/polaris-doc/src/en/topics/r_consolidated-schema.dita">install:</b>
  coverity:
    version: "2021.06"
    directory : "/path/to/already/installed/coverity/coverity-tools-macosx-2021.06-1"
<b class="+ topic/ph hi-d/b " xtrc="b:4;70:4" xtrf="file:/Users/robwill/repos/polaris-doc/src/en/topics/r_consolidated-schema.dita">analyze:</b>
  mode: "local" | "central"
  coverity:
    cov-analyze:
     - "--cov-analyze-option1"
     - "--cov-analyze-option2"
    incremental:
      path: "path/incrementalAnlaysis.txt"
      threshold: "2"	  
    caching:
      dlls: "disable" | "enable"
      jars: "disable" | "enable"
      pfi: "disable" | "enable"
      rws: "disable" | "enable"
      tu-caching: "disable" | "enable"
    usebudaforjavadotnet: "disable" | "enable"	
 serverUrl: &lt;serverUrl&gt; 
 uploadServiceUrl: &lt;uploadServiceURL&gt;
 noLogEnvironmentVariable: "disable" | "enable"  </codeblock>
    </section>
  </refbody>
<opentopic-index:index.groups/></reference>