<?xml version="1.0" encoding="UTF-8" standalone="yes"?><task xmlns:ditaarch="http://dita.oasis-open.org/architecture/2005/" xmlns:dita-ot="http://dita-ot.sourceforge.net/ns/201007/dita-ot" xmlns:opentopic-index="http://www.idiominc.com/opentopic/index" class="- topic/topic task/task " ditaarch:DITAArchVersion="1.3" domains="(topic task) (topic abbrev-d) a(props deliveryTarget) (topic equation-d) (topic hazard-d) (topic hi-d) (topic indexing-d) (topic markup-d) (topic mathml-d) (topic pr-d) (topic relmgmt-d) (topic sw-d) (topic svg-d) (topic ui-d) (topic ut-d) (topic markup-d xml-d) (topic task strictTaskbody-c)" id="t_how-to-export" specializations="@props/deliveryTarget" xtrc="task:1;4:28" xtrf="file:/Users/robwill/repos/altair/src/en/topics/t_how-to-export-issues.dita">
    <title class="- topic/title " xtrc="title:1;5:12" xtrf="file:/Users/robwill/repos/altair/src/en/topics/t_how-to-export-issues.dita">How to Export Issues to CSV or JSON</title>
    <taskbody class="- topic/body task/taskbody " id="t_export-issue-content" xtrc="taskbody:1;6:43" xtrf="file:/Users/robwill/repos/altair/src/en/topics/t_how-to-export-issues.dita">
        <context class="- topic/section task/context " xtrc="context:1;7:18" xtrf="file:/Users/robwill/repos/altair/src/en/topics/t_how-to-export-issues.dita">
            <p class="- topic/p " xtrc="p:1;8:16" xtrf="file:/Users/robwill/repos/altair/src/en/topics/t_how-to-export-issues.dita">From the issue view, you can export issues to file (CSV/JSON) several way:</p>
            <ul class="- topic/ul " xtrc="ul:1;9:17" xtrf="file:/Users/robwill/repos/altair/src/en/topics/t_how-to-export-issues.dita">
                <li class="- topic/li " xtrc="li:1;10:21" xtrf="file:/Users/robwill/repos/altair/src/en/topics/t_how-to-export-issues.dita">Export individual issues.</li>
                <li class="- topic/li " xtrc="li:2;11:21" xtrf="file:/Users/robwill/repos/altair/src/en/topics/t_how-to-export-issues.dita">Batch export by manually selecting multiple issues.</li>
                <li class="- topic/li " xtrc="li:3;12:21" xtrf="file:/Users/robwill/repos/altair/src/en/topics/t_how-to-export-issues.dita">Batch export by filtering.</li>
                <li class="- topic/li " xtrc="li:4;13:21" xtrf="file:/Users/robwill/repos/altair/src/en/topics/t_how-to-export-issues.dita">Export all.</li>
            </ul>
            <p class="- topic/p " xtrc="p:2;15:16" xtrf="file:/Users/robwill/repos/altair/src/en/topics/t_how-to-export-issues.dita">See <xref class="- topic/xref " href="05abc6e68dbdc2b132904b25dad1acf6138ab590.dita" type="task" xtrc="xref:1;15:55" xtrf="file:/Users/robwill/repos/altair/src/en/topics/t_how-to-export-issues.dita"><?ditaot gentext?>Ways to triage in Polaris</xref> for details about these selection
                methods.</p>
        </context>
        <steps class="- topic/ol task/steps " id="steps_mkx_v3l_y5b" xtrc="steps:1;18:39" xtrf="file:/Users/robwill/repos/altair/src/en/topics/t_how-to-export-issues.dita">
            <step class="- topic/li task/step " xtrc="step:1;19:19" xtrf="file:/Users/robwill/repos/altair/src/en/topics/t_how-to-export-issues.dita">
                <cmd class="- topic/ph task/cmd " xtrc="cmd:1;20:22" xtrf="file:/Users/robwill/repos/altair/src/en/topics/t_how-to-export-issues.dita">Select issue or issues.</cmd>
                <info class="- topic/itemgroup task/info " xtrc="info:1;21:23" xtrf="file:/Users/robwill/repos/altair/src/en/topics/t_how-to-export-issues.dita">
                    <image class="- topic/image " href="62978fdeec2b161cafed7184232135358afc26fe.png" id="image_jrn_1my_t5b" placement="break" width="550px" xtrc="image:1;23:63" xtrf="file:/Users/robwill/repos/altair/src/en/topics/t_how-to-export-issues.dita"/>
                </info>
            </step>
            <step class="- topic/li task/step " xtrc="step:2;26:19" xtrf="file:/Users/robwill/repos/altair/src/en/topics/t_how-to-export-issues.dita">
                <cmd class="- topic/ph task/cmd " xtrc="cmd:2;27:22" xtrf="file:/Users/robwill/repos/altair/src/en/topics/t_how-to-export-issues.dita">Under <b class="+ topic/ph hi-d/b " xtrc="b:1;27:31" xtrf="file:/Users/robwill/repos/altair/src/en/topics/t_how-to-export-issues.dita">Export to:</b> select File.</cmd>
            </step>
            <step class="- topic/li task/step " xtrc="step:3;29:19" xtrf="file:/Users/robwill/repos/altair/src/en/topics/t_how-to-export-issues.dita">
                <cmd class="- topic/ph task/cmd " xtrc="cmd:3;30:22" xtrf="file:/Users/robwill/repos/altair/src/en/topics/t_how-to-export-issues.dita">From <b class="+ topic/ph hi-d/b " xtrc="b:2;30:30" xtrf="file:/Users/robwill/repos/altair/src/en/topics/t_how-to-export-issues.dita">Export to File Type:</b> pulldown select either CSV or JSON.</cmd>
            </step>
            <step class="- topic/li task/step " xtrc="step:4;32:19" xtrf="file:/Users/robwill/repos/altair/src/en/topics/t_how-to-export-issues.dita">
                <cmd class="- topic/ph task/cmd " xtrc="cmd:4;33:22" xtrf="file:/Users/robwill/repos/altair/src/en/topics/t_how-to-export-issues.dita">Under <b class="+ topic/ph hi-d/b " xtrc="b:3;33:31" xtrf="file:/Users/robwill/repos/altair/src/en/topics/t_how-to-export-issues.dita">File Name:</b> Enter file name. This is optional.</cmd>
            </step>
            <step class="- topic/li task/step " xtrc="step:5;35:19" xtrf="file:/Users/robwill/repos/altair/src/en/topics/t_how-to-export-issues.dita">
                <cmd class="- topic/ph task/cmd " xtrc="cmd:5;36:22" xtrf="file:/Users/robwill/repos/altair/src/en/topics/t_how-to-export-issues.dita">Click <b class="+ topic/ph hi-d/b " xtrc="b:4;36:31" xtrf="file:/Users/robwill/repos/altair/src/en/topics/t_how-to-export-issues.dita">Export</b> button. The file will download.</cmd>
            </step>
        </steps>
        
    </taskbody>
    
    
    
<opentopic-index:index.groups/></task>