<?xml version="1.0" encoding="UTF-8" standalone="yes"?><task xmlns:ditaarch="http://dita.oasis-open.org/architecture/2005/" xmlns:dita-ot="http://dita-ot.sourceforge.net/ns/201007/dita-ot" xmlns:opentopic-index="http://www.idiominc.com/opentopic/index" class="- topic/topic task/task " ditaarch:DITAArchVersion="1.3" domains="(topic task) (topic abbrev-d) a(props deliveryTarget) (topic equation-d) (topic hazard-d) (topic hi-d) (topic indexing-d) (topic markup-d) (topic mathml-d) (topic pr-d) (topic relmgmt-d) (topic sw-d) (topic svg-d) (topic ui-d) (topic ut-d) (topic markup-d xml-d) (topic task strictTaskbody-c)" id="t_triage-portal" specializations="@props/deliveryTarget" xtrc="task:1;4:28" xtrf="file:/Users/robwill/repos/altair/src/en/topics/t_how-to-triage.dita">
    <title class="- topic/title " xtrc="title:1;5:12" xtrf="file:/Users/robwill/repos/altair/src/en/topics/t_how-to-triage.dita">Ways to triage in Polaris</title>
    <taskbody class="- topic/body task/taskbody " id="triage-portal-context" xtrc="taskbody:1;6:42" xtrf="file:/Users/robwill/repos/altair/src/en/topics/t_how-to-triage.dita">
        <context class="- topic/section task/context " xtrc="context:1;7:18" xtrf="file:/Users/robwill/repos/altair/src/en/topics/t_how-to-triage.dita">
            <p class="- topic/p " xtrc="p:1;8:16" xtrf="file:/Users/robwill/repos/altair/src/en/topics/t_how-to-triage.dita">In the issue list you can triage issues in several ways:</p>
            <ul class="- topic/ul " xtrc="ul:1;9:17" xtrf="file:/Users/robwill/repos/altair/src/en/topics/t_how-to-triage.dita">
                <li class="- topic/li " xtrc="li:1;10:21" xtrf="file:/Users/robwill/repos/altair/src/en/topics/t_how-to-triage.dita">Triage individual issues</li>
                <li class="- topic/li " xtrc="li:2;11:21" xtrf="file:/Users/robwill/repos/altair/src/en/topics/t_how-to-triage.dita">Batch triage by manually selecting multiple issues</li>
                <li class="- topic/li " xtrc="li:3;12:21" xtrf="file:/Users/robwill/repos/altair/src/en/topics/t_how-to-triage.dita">Batch triage by filtering</li>
                <li class="- topic/li " xtrc="li:4;13:21" xtrf="file:/Users/robwill/repos/altair/src/en/topics/t_how-to-triage.dita">Triage all</li>
            </ul>
            <p class="- topic/p " xtrc="p:2;15:16" xtrf="file:/Users/robwill/repos/altair/src/en/topics/t_how-to-triage.dita">You'll need to use all of these, so we explain each approach in this page.</p>
        </context>
        
    </taskbody>
    
    <task class="- topic/topic task/task " ditaarch:DITAArchVersion="1.3" domains="(topic task) (topic abbrev-d) a(props deliveryTarget) (topic equation-d) (topic hazard-d) (topic hi-d) (topic indexing-d) (topic markup-d) (topic mathml-d) (topic pr-d) (topic relmgmt-d) (topic sw-d) (topic svg-d) (topic ui-d) (topic ut-d) (topic markup-d xml-d) (topic task strictTaskbody-c)" id="clf_4tf_2sb" specializations="@props/deliveryTarget" xtrc="task:2;20:28" xtrf="file:/Users/robwill/repos/altair/src/en/topics/t_how-to-triage.dita">
        <title class="- topic/title " xtrc="title:2;21:16" xtrf="file:/Users/robwill/repos/altair/src/en/topics/t_how-to-triage.dita">Triage individual issues</title>
        <taskbody class="- topic/body task/taskbody " xtrc="taskbody:2;22:19" xtrf="file:/Users/robwill/repos/altair/src/en/topics/t_how-to-triage.dita">
            <context class="- topic/section task/context " xtrc="context:2;23:22" xtrf="file:/Users/robwill/repos/altair/src/en/topics/t_how-to-triage.dita">You might decide to review an issue independently to decide whether to dismiss it. In such cases, you can triage a single issue from within the issue view. 
                
            </context>
            <steps class="- topic/ol task/steps " xtrc="steps:1;26:20" xtrf="file:/Users/robwill/repos/altair/src/en/topics/t_how-to-triage.dita">
                <step class="- topic/li task/step " xtrc="step:1;27:23" xtrf="file:/Users/robwill/repos/altair/src/en/topics/t_how-to-triage.dita">
                    <cmd class="- topic/ph task/cmd " xtrc="cmd:1;28:26" xtrf="file:/Users/robwill/repos/altair/src/en/topics/t_how-to-triage.dita">From the issue list, select an individual issue to review and triage.
                    </cmd>
                </step>
                <step class="- topic/li task/step " xtrc="step:2;31:23" xtrf="file:/Users/robwill/repos/altair/src/en/topics/t_how-to-triage.dita">
                    <cmd class="- topic/ph task/cmd " xtrc="cmd:2;32:26" xtrf="file:/Users/robwill/repos/altair/src/en/topics/t_how-to-triage.dita">From the issue view, find the triage area at top right.</cmd>
                    <stepxmp class="- topic/itemgroup task/stepxmp " xtrc="stepxmp:1;33:30" xtrf="file:/Users/robwill/repos/altair/src/en/topics/t_how-to-triage.dita">
                        <fig class="- topic/fig " xtrc="fig:1;34:30" xtrf="file:/Users/robwill/repos/altair/src/en/topics/t_how-to-triage.dita">
                            <image alt="Screenshot of Individual Issue Triage" class="- topic/image " href="a681b3d1ec957dfb0c338ca105ed64397e7af312.png" placement="break" width="450" xtrc="image:1;36:96" xtrf="file:/Users/robwill/repos/altair/src/en/topics/t_how-to-triage.dita"/>
                        </fig>
                    </stepxmp>
                </step>
                <step class="- topic/li task/step " xtrc="step:3;40:23" xtrf="file:/Users/robwill/repos/altair/src/en/topics/t_how-to-triage.dita">
                    <cmd class="- topic/ph task/cmd " xtrc="cmd:3;41:26" xtrf="file:/Users/robwill/repos/altair/src/en/topics/t_how-to-triage.dita">In the <uicontrol class="+ topic/ph ui-d/uicontrol " xtrc="uicontrol:1;41:44" xtrf="file:/Users/robwill/repos/altair/src/en/topics/t_how-to-triage.dita">Owner</uicontrol> field, assign yourself or search by name to designate another member of the project.</cmd>
                </step>
                <step class="- topic/li task/step " xtrc="step:4;43:23" xtrf="file:/Users/robwill/repos/altair/src/en/topics/t_how-to-triage.dita">
                    <cmd class="- topic/ph task/cmd " xtrc="cmd:4;44:26" xtrf="file:/Users/robwill/repos/altair/src/en/topics/t_how-to-triage.dita">Choose a <b class="+ topic/ph hi-d/b " xtrc="b:1;44:38" xtrf="file:/Users/robwill/repos/altair/src/en/topics/t_how-to-triage.dita">Triage Status</b> from the pulldown menu.</cmd>
                </step>
                <step class="- topic/li task/step " xtrc="step:5;46:23" xtrf="file:/Users/robwill/repos/altair/src/en/topics/t_how-to-triage.dita">
                    <cmd class="- topic/ph task/cmd " xtrc="cmd:5;47:26" xtrf="file:/Users/robwill/repos/altair/src/en/topics/t_how-to-triage.dita">If the Triage Status is <uicontrol class="+ topic/ph ui-d/uicontrol " xtrc="uicontrol:2;47:61" xtrf="file:/Users/robwill/repos/altair/src/en/topics/t_how-to-triage.dita">Dismissed</uicontrol>, choose a reason
                        from the <b class="+ topic/ph hi-d/b " xtrc="b:2;48:37" xtrf="file:/Users/robwill/repos/altair/src/en/topics/t_how-to-triage.dita">Reason for Dismissal</b> pulldown menu.</cmd>
                </step>
                <step class="- topic/li task/step " xtrc="step:6;50:23" xtrf="file:/Users/robwill/repos/altair/src/en/topics/t_how-to-triage.dita">
                    <cmd class="- topic/ph task/cmd " xtrc="cmd:6;51:26" xtrf="file:/Users/robwill/repos/altair/src/en/topics/t_how-to-triage.dita">Enter a comment in the text box if you want to explain the reason for the status you chose. This is optional.
                    </cmd>
                </step>
                <step class="- topic/li task/step " xtrc="step:7;54:23" xtrf="file:/Users/robwill/repos/altair/src/en/topics/t_how-to-triage.dita">
                    <cmd class="- topic/ph task/cmd " xtrc="cmd:7;55:26" xtrf="file:/Users/robwill/repos/altair/src/en/topics/t_how-to-triage.dita">Click <uicontrol class="+ topic/ph ui-d/uicontrol " xtrc="uicontrol:3;55:43" xtrf="file:/Users/robwill/repos/altair/src/en/topics/t_how-to-triage.dita">Save</uicontrol>.</cmd>
                </step>
            </steps>
        </taskbody>
    </task>
   
    <task class="- topic/topic task/task " ditaarch:DITAArchVersion="1.3" domains="(topic task) (topic abbrev-d) a(props deliveryTarget) (topic equation-d) (topic hazard-d) (topic hi-d) (topic indexing-d) (topic markup-d) (topic mathml-d) (topic pr-d) (topic relmgmt-d) (topic sw-d) (topic svg-d) (topic ui-d) (topic ut-d) (topic markup-d xml-d) (topic task strictTaskbody-c)" id="f1f_ntf_2sb" specializations="@props/deliveryTarget" xtrc="task:3;61:28" xtrf="file:/Users/robwill/repos/altair/src/en/topics/t_how-to-triage.dita">
        <title class="- topic/title " xtrc="title:3;62:16" xtrf="file:/Users/robwill/repos/altair/src/en/topics/t_how-to-triage.dita">Batch triage by manually selecting multiple issues </title>
        <taskbody class="- topic/body task/taskbody " id="f1f_ntf_2sb-body" xtrc="taskbody:3;64:41" xtrf="file:/Users/robwill/repos/altair/src/en/topics/t_how-to-triage.dita">
            <steps class="- topic/ol task/steps " xtrc="steps:2;65:20" xtrf="file:/Users/robwill/repos/altair/src/en/topics/t_how-to-triage.dita">
                <step class="- topic/li task/step " xtrc="step:8;66:23" xtrf="file:/Users/robwill/repos/altair/src/en/topics/t_how-to-triage.dita">
                    <cmd class="- topic/ph task/cmd " xtrc="cmd:8;67:26" xtrf="file:/Users/robwill/repos/altair/src/en/topics/t_how-to-triage.dita">From the issue list, check the box on the left margin next to all the
                        relevant issues. </cmd>
                    <info class="- topic/itemgroup task/info " xtrc="info:1;69:27" xtrf="file:/Users/robwill/repos/altair/src/en/topics/t_how-to-triage.dita">
                        <image class="- topic/image " href="defe56c2a8d58f41beadf3a05cc43c6fdfe18798.png" id="image_ilj_z1x_t5b" placement="break" width="450px" xtrc="image:2;71:67" xtrf="file:/Users/robwill/repos/altair/src/en/topics/t_how-to-triage.dita"/>
                    </info>
                </step>
                <step class="- topic/li task/step " xtrc="step:9;74:23" xtrf="file:/Users/robwill/repos/altair/src/en/topics/t_how-to-triage.dita">
                    <cmd class="- topic/ph task/cmd " xtrc="cmd:9;75:26" xtrf="file:/Users/robwill/repos/altair/src/en/topics/t_how-to-triage.dita">Click <uicontrol class="+ topic/ph ui-d/uicontrol " xtrc="uicontrol:4;75:43" xtrf="file:/Users/robwill/repos/altair/src/en/topics/t_how-to-triage.dita">Triage Selected</uicontrol>.</cmd>
                </step>
                <step class="- topic/li task/step " xtrc="step:10;77:23" xtrf="file:/Users/robwill/repos/altair/src/en/topics/t_how-to-triage.dita">
                    <cmd class="- topic/ph task/cmd " xtrc="cmd:10;78:26" xtrf="file:/Users/robwill/repos/altair/src/en/topics/t_how-to-triage.dita">In the <uicontrol class="+ topic/ph ui-d/uicontrol " xtrc="uicontrol:5;78:44" xtrf="file:/Users/robwill/repos/altair/src/en/topics/t_how-to-triage.dita">Owner</uicontrol> field, assign yourself or search by
                        name to designate another member of the project</cmd>
                </step>
                <step class="- topic/li task/step " xtrc="step:11;81:23" xtrf="file:/Users/robwill/repos/altair/src/en/topics/t_how-to-triage.dita">
                    <cmd class="- topic/ph task/cmd " xtrc="cmd:11;82:26" xtrf="file:/Users/robwill/repos/altair/src/en/topics/t_how-to-triage.dita">Choose a <b class="+ topic/ph hi-d/b " xtrc="b:3;82:38" xtrf="file:/Users/robwill/repos/altair/src/en/topics/t_how-to-triage.dita">Triage Status</b> from the pulldown menu.</cmd>
                </step>
                <step class="- topic/li task/step " xtrc="step:12;84:23" xtrf="file:/Users/robwill/repos/altair/src/en/topics/t_how-to-triage.dita">
                    <cmd class="- topic/ph task/cmd " xtrc="cmd:12;85:26" xtrf="file:/Users/robwill/repos/altair/src/en/topics/t_how-to-triage.dita">If the Triage Status is Dismissed, choose <b class="+ topic/ph hi-d/b " xtrc="b:4;85:71" xtrf="file:/Users/robwill/repos/altair/src/en/topics/t_how-to-triage.dita">Reason for Dismissal</b> from
                        pulldown menu.</cmd>
                </step>
                <step class="- topic/li task/step " xtrc="step:13;88:23" xtrf="file:/Users/robwill/repos/altair/src/en/topics/t_how-to-triage.dita">
                    <cmd class="- topic/ph task/cmd " xtrc="cmd:13;89:26" xtrf="file:/Users/robwill/repos/altair/src/en/topics/t_how-to-triage.dita">Enter a comment in the text box if you want to explain the reason for the
                        status you chose. This is optional.</cmd>
                </step>
                <step class="- topic/li task/step " xtrc="step:14;92:23" xtrf="file:/Users/robwill/repos/altair/src/en/topics/t_how-to-triage.dita">
                    <cmd class="- topic/ph task/cmd " xtrc="cmd:14;93:26" xtrf="file:/Users/robwill/repos/altair/src/en/topics/t_how-to-triage.dita">Click <uicontrol class="+ topic/ph ui-d/uicontrol " xtrc="uicontrol:6;93:43" xtrf="file:/Users/robwill/repos/altair/src/en/topics/t_how-to-triage.dita">Save</uicontrol>. </cmd>
                    <stepresult class="- topic/itemgroup task/stepresult " xtrc="stepresult:1;94:33" xtrf="file:/Users/robwill/repos/altair/src/en/topics/t_how-to-triage.dita">The triage status and comments are applied to all selected
                        issues.</stepresult>
                </step>
            </steps>
        </taskbody>
    </task>
    
        <task class="- topic/topic task/task " ditaarch:DITAArchVersion="1.3" domains="(topic task) (topic abbrev-d) a(props deliveryTarget) (topic equation-d) (topic hazard-d) (topic hi-d) (topic indexing-d) (topic markup-d) (topic mathml-d) (topic pr-d) (topic relmgmt-d) (topic sw-d) (topic svg-d) (topic ui-d) (topic ut-d) (topic markup-d xml-d) (topic task strictTaskbody-c)" id="ebz_ntf_2sb" specializations="@props/deliveryTarget" xtrc="task:4;101:32" xtrf="file:/Users/robwill/repos/altair/src/en/topics/t_how-to-triage.dita">
            <title class="- topic/title " xtrc="title:4;102:20" xtrf="file:/Users/robwill/repos/altair/src/en/topics/t_how-to-triage.dita">Batch triage by filtering</title>
            <taskbody class="- topic/body task/taskbody " xtrc="taskbody:4;103:23" xtrf="file:/Users/robwill/repos/altair/src/en/topics/t_how-to-triage.dita"><context class="- topic/section task/context " xtrc="context:3;103:32" xtrf="file:/Users/robwill/repos/altair/src/en/topics/t_how-to-triage.dita">You can triage batches of issues either by filtering or by selecting them manually. </context><steps class="- topic/ol task/steps " xtrc="steps:3;103:133" xtrf="file:/Users/robwill/repos/altair/src/en/topics/t_how-to-triage.dita"><step class="- topic/li task/step " xtrc="step:15;103:139" xtrf="file:/Users/robwill/repos/altair/src/en/topics/t_how-to-triage.dita"><cmd class="- topic/ph task/cmd " xtrc="cmd:15;103:144" xtrf="file:/Users/robwill/repos/altair/src/en/topics/t_how-to-triage.dita">Select a group of issues from the issue list by filtering.</cmd><info class="- topic/itemgroup task/info " xtrc="info:2;103:214" xtrf="file:/Users/robwill/repos/altair/src/en/topics/t_how-to-triage.dita"><p class="- topic/p " xtrc="p:3;103:217" xtrf="file:/Users/robwill/repos/altair/src/en/topics/t_how-to-triage.dita">To filter, use the pull-down menus at the top of the page to choose issues according to
                            issue type, severity, and triage status. (For example you might want to
                            see all the un-triaged issues, or all that are un-triaged and high
                            severity.) If you don't set any filters, you can triage all issues in
                            the list. <image class="- topic/image " href="ce863983badea082b2160306f53dd326dcade455.png" id="image_icg_bzw_t5b" placement="break" width="650px" xtrc="image:3;108:114" xtrf="file:/Users/robwill/repos/altair/src/en/topics/t_how-to-triage.dita"/>
            </p> &#x2028; <p class="- topic/p " xtrc="p:4;109:23" xtrf="file:/Users/robwill/repos/altair/src/en/topics/t_how-to-triage.dita">Note that each choice in the pulldown menu is followed by a
                            number – This tells you how many issues you are selecting when you check
                            the box. If the number is zero, there are no issues to
                        select.</p></info></step><step class="- topic/li task/step " xtrc="step:16;112:56" xtrf="file:/Users/robwill/repos/altair/src/en/topics/t_how-to-triage.dita">
                    <cmd class="- topic/ph task/cmd " xtrc="cmd:16;113:26" xtrf="file:/Users/robwill/repos/altair/src/en/topics/t_how-to-triage.dita">Click <uicontrol class="+ topic/ph ui-d/uicontrol " xtrc="uicontrol:7;113:43" xtrf="file:/Users/robwill/repos/altair/src/en/topics/t_how-to-triage.dita">Triage All </uicontrol>. In this example there are
                        60.</cmd>
                </step>
                <step class="- topic/li task/step " xtrc="step:17;116:23" xtrf="file:/Users/robwill/repos/altair/src/en/topics/t_how-to-triage.dita">
                    <cmd class="- topic/ph task/cmd " xtrc="cmd:17;117:26" xtrf="file:/Users/robwill/repos/altair/src/en/topics/t_how-to-triage.dita">In the <uicontrol class="+ topic/ph ui-d/uicontrol " xtrc="uicontrol:8;117:44" xtrf="file:/Users/robwill/repos/altair/src/en/topics/t_how-to-triage.dita">Owner</uicontrol> field, assign the issues to yourself or search by name to assign another member of the project.</cmd>
                </step>
                <step class="- topic/li task/step " xtrc="step:18;119:23" xtrf="file:/Users/robwill/repos/altair/src/en/topics/t_how-to-triage.dita">
                    <cmd class="- topic/ph task/cmd " xtrc="cmd:18;120:26" xtrf="file:/Users/robwill/repos/altair/src/en/topics/t_how-to-triage.dita">Choose a <b class="+ topic/ph hi-d/b " xtrc="b:5;120:38" xtrf="file:/Users/robwill/repos/altair/src/en/topics/t_how-to-triage.dita">Triage Status</b> from the pulldown menu.</cmd>
                </step>
                <step class="- topic/li task/step " xtrc="step:19;122:23" xtrf="file:/Users/robwill/repos/altair/src/en/topics/t_how-to-triage.dita">
                    <cmd class="- topic/ph task/cmd " xtrc="cmd:19;123:26" xtrf="file:/Users/robwill/repos/altair/src/en/topics/t_how-to-triage.dita">If the Triage Status is Dismissed, use the <b class="+ topic/ph hi-d/b " xtrc="b:6;123:72" xtrf="file:/Users/robwill/repos/altair/src/en/topics/t_how-to-triage.dita">Reason for Dismissal</b>
                        pulldown menu to choose a reason.</cmd>
                </step><step class="- topic/li task/step " xtrc="step:20;125:30" xtrf="file:/Users/robwill/repos/altair/src/en/topics/t_how-to-triage.dita"><cmd class="- topic/ph task/cmd " xtrc="cmd:20;125:35" xtrf="file:/Users/robwill/repos/altair/src/en/topics/t_how-to-triage.dita">Enter a comment in the text box if you want to explain the reason for the status you chose. This is optional. </cmd></step><step class="- topic/li task/step " xtrc="step:21;125:164" xtrf="file:/Users/robwill/repos/altair/src/en/topics/t_how-to-triage.dita"><cmd class="- topic/ph task/cmd " xtrc="cmd:21;125:169" xtrf="file:/Users/robwill/repos/altair/src/en/topics/t_how-to-triage.dita">Click <uicontrol class="+ topic/ph ui-d/uicontrol " xtrc="uicontrol:9;125:186" xtrf="file:/Users/robwill/repos/altair/src/en/topics/t_how-to-triage.dita">Save</uicontrol>.</cmd><stepresult class="- topic/itemgroup task/stepresult " xtrc="stepresult:2;125:221" xtrf="file:/Users/robwill/repos/altair/src/en/topics/t_how-to-triage.dita">The triage status and comments are applied to all selected issues.</stepresult></step></steps></taskbody></task>
 
    
    
    
<opentopic-index:index.groups/></task>