<?xml version="1.0" ?><job><property name="user.input.dir"><string>/Users/robwill/repos/altair/src/en</string></property><property name="transtypes"><string>webhelp-responsive;pdf;exportmap;pdf2;pdf-css-html5;pdf-css-html5-single-topic;html5;webhelp;webhelp-feedback;webhelpCommons;webhelp-responsive-preprocess2;resx-props;synopsyspdf;sig-html5;sig-html5-1file;sig-pdf;sig-webhelp;xhtml;eclipsehelp;htmlhelp;dita;markdown;markdown_github;markdown_gitbook</string></property><property name="plugin.com.oxygenxml.webhelp.common.dir"><string>plugins/com.oxygenxml.webhelp.common</string></property><property name="parser.md"><string>com.elovirta.dita.markdown.MarkdownReader</string></property><property name="plugin.org.dita.specialization.dita11.dir"><string>plugins/org.dita.specialization.dita11</string></property><property name="crawl"><string>topic</string></property><property name="plugin.com.synopsys.sig.docs.doctypes.dir"><string>plugins/com.synopsys.sig.docs.doctypes</string></property><property name="plugin.com.oxygenxml.pdf.custom.dir"><string>plugins/com.oxygenxml.pdf.custom</string></property><property name="parser.hdita"><string>com.elovirta.dita.html.HDitaReader</string></property><property name="cli.color"><string>true</string></property><property name="user.input.file"><string>da8b19400ac4cbe29ab4a3590a1f7e25a57128ee.ditamap</string></property><property name="plugin.org.dita.pdf2.dir"><string>plugins/org.dita.pdf2</string></property><property name="print_transtypes"><string>pdf-css-html5;pdf;pdf2;resx-props;pdf-css-html5-single-topic;synopsyspdf;sig-pdf</string></property><property name="onlytopicinmap"><string>false</string></property><property name="supported_resource_extensions"><string>.pdf;.swf</string></property><property name="plugin.org.dita.xhtml.dir"><string>plugins/org.dita.xhtml</string></property><property name="plugin.com.oxygenxml.common.dir"><string>plugins/com.oxygenxml.common</string></property><property name="plugin.org.dita.index.dir"><string>plugins/org.dita.index</string></property><property name="plugin.com.oxygenxml.pdf.review.dir"><string>plugins/com.oxygenxml.pdf.review</string></property><property name="plugin.com.synopsys.cov.resx.dir"><string>plugins/com.synopsys.cov.resx</string></property><property name="relflagimagelist"><string></string></property><property name="supported_html_extensions"><string>.html;.htm</string></property><property name="plugin.order"><string>org.dita.base org.oasis-open.dita.v1_3 org.oasis-open.dita.v1_2</string></property><property name="otrelease"><string>3.5</string></property><property name="supported_image_extensions"><string>.gif;.svg;.bmp;.jpg;.tif;.eps;.jpeg;.png;.tiff</string></property><property name="plugin.com.oxygenxml.pdf.css.dir"><string>plugins/com.oxygenxml.pdf.css</string></property><property name="InputMapDir"><string>/Users/robwill/repos/altair/src/en/altair-web-help.ditamap</string></property><property name="org.dita.pdf2.i18n.enabled"><string>true</string></property><property name="plugin.com.oxygenxml.webhelp.classic.dir"><string>plugins/com.oxygenxml.webhelp.classic</string></property><property name="plugin.com.synopsys.sig.docs.sig-html5.dir"><string>plugins/com.synopsys.sig.docs.sig-html5</string></property><property name="user.input.dir.uri"><string>file:/Users/robwill/repos/altair/src/en/</string></property><property name="plugin.org.dita.html5.dir"><string>plugins/org.dita.html5</string></property><property name="generatecopyouter"><string>NOT_GENERATEOUTTER</string></property><property name="default.cascade"><string>merge</string></property><property name="plugin.org.oasis-open.xdita.v0_2_2.dir"><string>plugins/org.oasis-open.xdita.v0_2_2</string></property><property name="plugin.org.dita.eclipsehelp.dir"><string>plugins/org.dita.eclipsehelp</string></property><property name="outputdir"><string>/Users/robwill/repos/altair/src/en/out/sig-pdf</string></property><property name="plugin.org.dita.htmlhelp.dir"><string>plugins/org.dita.htmlhelp</string></property><property name="plugin.com.synopsys.sig.docs.sig-pdf.dir"><string>plugins/com.synopsys.sig.docs.sig-pdf</string></property><property name="temp-file-name-scheme"><string>org.dita.dost.module.reader.HashTempFileScheme</string></property><property name="plugin.com.synopsys.pdf.dir"><string>plugins/com.synopsys.pdf</string></property><property name="plugin.org.dita.base.dir"><string>plugins/org.dita.base</string></property><property name="plugin.com.oxygenxml.editlink.dir"><string>plugins/com.oxygenxml.editlink</string></property><property name="plugin.com.synopsys.sig.docs.sig-html5-1file.dir"><string>plugins/com.synopsys.sig.docs.sig-html5-1file</string></property><property name="plugindirs"><string>plugins;demo</string></property><property name="parser.mdita"><string>com.elovirta.dita.markdown.MDitaReader</string></property><property name="user.input.file.listfile"><string>usr.input.file.list</string></property><property name="plugin.ignores"><string></string></property><property name="outercontrol"><string>WARN</string></property><property name="plugin.com.synopsys.sig.docs.sig-webhelp.dir"><string>plugins/com.synopsys.sig.docs.sig-webhelp</string></property><property name="relflagimagefile"><string>relflagimage.list</string></property><property name="plugin.com.zoominsoftware.swagger.dir"><string>plugins/com.zoominsoftware.swagger</string></property><property name="user.input.file.uri"><string>da8b19400ac4cbe29ab4a3590a1f7e25a57128ee.ditamap</string></property><property name="plugin.com.oxygenxml.highlight.dir"><string>plugins/com.oxygenxml.highlight</string></property><property name="registry"><string>https://plugins.dita-ot.org/</string></property><property name="plugin.org.dita.normalize.dir"><string>plugins/org.dita.normalize</string></property><property name="plugin.org.dita.pdf2.axf.dir"><string>plugins/org.dita.pdf2.axf</string></property><property name="plugin.org.oasis-open.dita.v1_2.dir"><string>plugins/org.oasis-open.dita.v1_2</string></property><property name="plugin.org.oasis-open.dita.techcomm.v2_0.dir"><string>plugins/org.oasis-open.dita.techcomm.v2_0</string></property><property name="InputMapDir.uri"><string>file:/Users/robwill/repos/altair/src/en/altair-web-help.ditamap</string></property><property name="plugin.com.oxygenxml.export.map.dir"><string>plugins/com.oxygenxml.export.map</string></property><property name="plugin.com.oxygenxml.html.embed.dir"><string>plugins/com.oxygenxml.html.embed</string></property><property name="plugin.org.dita.pdf2.fop.dir"><string>plugins/org.dita.pdf2.fop</string></property><property name="plugin.org.lwdita.dir"><string>plugins/org.lwdita</string></property><property name="plugin.org.dita.pdf2.xep.dir"><string>plugins/org.dita.pdf2.xep</string></property><property name="plugin.com.oxygenxml.media.dir"><string>plugins/com.oxygenxml.media</string></property><property name="tempdirToinputmapdir.relative.value"><string></string></property><property name="plugin.com.oxygenxml.webhelp.responsive.dir"><string>plugins/com.oxygenxml.webhelp.responsive</string></property><property name="plugin.org.oasis-open.dita.v2_0.dir"><string>plugins/org.oasis-open.dita.v2_0</string></property><property name="otversion"><string>3.5.4</string></property><property name="plugin.org.oasis-open.dita.v1_3.dir"><string>plugins/org.oasis-open.dita.v1_3</string></property><property name="parser.markdown"><string>com.elovirta.dita.markdown.MarkdownReader</string></property><property name="uplevels"><string></string></property><files><file src="file:/Users/robwill/repos/altair/src/en/topics/c_polaris-ui-reports.dita" uri="2d9120c2c02e2ec30e12b0a61ee4b5b4a02f9077.dita" path="2d9120c2c02e2ec30e12b0a61ee4b5b4a02f9077.dita" result="file:/Users/robwill/repos/altair/src/en/topics/c_polaris-ui-reports.dita" target="true"></file><file src="file:/Users/robwill/repos/altair/src/en/topics/t_how-to-export-to-jira.dita" uri="5016d0c8cfc1a28387d5a19f0b65be9a0d1af2da.dita" path="5016d0c8cfc1a28387d5a19f0b65be9a0d1af2da.dita" result="file:/Users/robwill/repos/altair/src/en/topics/t_how-to-export-to-jira.dita" target="true"></file><file src="file:/Users/robwill/repos/altair/src/en/topics/t_how-to-triage.dita" uri="05abc6e68dbdc2b132904b25dad1acf6138ab590.dita" path="05abc6e68dbdc2b132904b25dad1acf6138ab590.dita" result="file:/Users/robwill/repos/altair/src/en/topics/t_how-to-triage.dita" format="dita" has-link="true" target="true"></file><file src="file:/Users/robwill/repos/altair/src/en/assets/images/Notifications.png" uri="c46f83652cf5d1b17fe452d8916d8c47718cdecb.png" path="c46f83652cf5d1b17fe452d8916d8c47718cdecb.png" result="file:/Users/robwill/repos/altair/src/en/assets/images/Notifications.png" format="image"></file><file src="file:/Users/robwill/repos/altair/src/en/assets/images/git-code-clone.png" uri="8c14801c1ba93515e228cbd13cdbf6a50bf05934.png" path="8c14801c1ba93515e228cbd13cdbf6a50bf05934.png" result="file:/Users/robwill/repos/altair/src/en/assets/images/git-code-clone.png" format="image"></file><file src="file:/Users/robwill/repos/altair/src/en/assets/images/application_details2.png" uri="1dd67a908028e080b7089ce2e2587b2d8605dcdc.png" path="1dd67a908028e080b7089ce2e2587b2d8605dcdc.png" result="file:/Users/robwill/repos/altair/src/en/assets/images/application_details2.png" format="image"></file><file src="file:/Users/robwill/repos/altair/src/en/assets/images/test-a-project.png" uri="ad2bb78a9f85689d6fcadea08d10804f7aaabac1.png" path="ad2bb78a9f85689d6fcadea08d10804f7aaabac1.png" result="file:/Users/robwill/repos/altair/src/en/assets/images/test-a-project.png" format="image"></file><file src="file:/Users/robwill/repos/altair/src/en/assets/images/git-integrations-ui.png" uri="cb63466de4bbc598955e5238f917e7dbcf31620c.png" path="cb63466de4bbc598955e5238f917e7dbcf31620c.png" result="file:/Users/robwill/repos/altair/src/en/assets/images/git-integrations-ui.png" format="image"></file><file src="file:/Users/robwill/repos/altair/src/en/topics/t_how-to-integrate-repository.dita" uri="58c5717bea1a94ae2be26b9a475e7c35e73b1ad6.dita" path="58c5717bea1a94ae2be26b9a475e7c35e73b1ad6.dita" result="file:/Users/robwill/repos/altair/src/en/topics/t_how-to-integrate-repository.dita" format="dita" resource-only="true" has-link="true" target="true"></file><file src="file:/Users/robwill/repos/altair/src/en/topics/c_data-model.dita" uri="4b7a8a91257ffb95c01c143f37bd8c94e4f184bc.dita" path="4b7a8a91257ffb95c01c143f37bd8c94e4f184bc.dita" result="file:/Users/robwill/repos/altair/src/en/topics/c_data-model.dita" format="dita" target="true"></file><file src="file:/Users/robwill/repos/altair/src/en/topics/t_gs-observer.dita" uri="ef77c4138af62fe9b4e75bc0e4bbfc72373c9237.dita" path="ef77c4138af62fe9b4e75bc0e4bbfc72373c9237.dita" result="file:/Users/robwill/repos/altair/src/en/topics/t_gs-observer.dita" target="true"></file><file src="file:/Users/robwill/repos/altair/src/en/topics/integrations-intro.dita" uri="31cc8ebeb628aa5948c338d4e0f50cb996d46d7e.dita" path="31cc8ebeb628aa5948c338d4e0f50cb996d46d7e.dita" result="file:/Users/robwill/repos/altair/src/en/topics/integrations-intro.dita" format="dita" target="true"></file><file src="file:/Users/robwill/repos/altair/src/en/assets/images/supportCase-or-findDocs.png" uri="3b08e6cd0ecbd38b5a4d6133ad32627502fa8a84.png" path="3b08e6cd0ecbd38b5a4d6133ad32627502fa8a84.png" result="file:/Users/robwill/repos/altair/src/en/assets/images/supportCase-or-findDocs.png" format="image"></file><file src="file:/Users/robwill/repos/altair/src/en/topics/t_post_scan_policies.dita" uri="52d47bb68a16c98b05f8a452a93801a3c8046818.dita" path="52d47bb68a16c98b05f8a452a93801a3c8046818.dita" result="file:/Users/robwill/repos/altair/src/en/topics/t_post_scan_policies.dita" target="true"></file><file src="file:/Users/robwill/repos/altair/src/en/assets/images/Project_Dashboard.png" uri="b2ca2459124da2ca5f362bf8c0de840ff0235881.png" path="b2ca2459124da2ca5f362bf8c0de840ff0235881.png" result="file:/Users/robwill/repos/altair/src/en/assets/images/Project_Dashboard.png" format="image"></file><file src="file:/Users/robwill/repos/altair/src/en/topics/c_polaris-ui-portfolio.dita" uri="ae9245a725b6c621484f40da036a210ae6de8e7d.dita" path="ae9245a725b6c621484f40da036a210ae6de8e7d.dita" result="file:/Users/robwill/repos/altair/src/en/topics/c_polaris-ui-portfolio.dita" target="true"></file><file src="file:/Users/robwill/repos/altair/src/en/topics/t_reusable-tasks.dita" uri="257b5be61b4ee981437bedc46ae8402bf4907236.dita" path="257b5be61b4ee981437bedc46ae8402bf4907236.dita" result="file:/Users/robwill/repos/altair/src/en/topics/t_reusable-tasks.dita" has-link="true" target="true"></file><file src="file:/Users/robwill/repos/altair/src/en/assets/images/error.png" uri="69f1934d10bc7e0070cfcd097932f0bef9b8b32c.png" path="69f1934d10bc7e0070cfcd097932f0bef9b8b32c.png" result="file:/Users/robwill/repos/altair/src/en/assets/images/error.png" format="image"></file><file src="file:/Users/robwill/repos/altair/src/en/topics/c_2fa-reset.dita" uri="c1dc3815f11914240b34cefa873023e7babca957.dita" path="c1dc3815f11914240b34cefa873023e7babca957.dita" result="file:/Users/robwill/repos/altair/src/en/topics/c_2fa-reset.dita" format="dita" resource-only="true" has-link="true" target="true"></file><file src="file:/Users/robwill/repos/altair/src/en/topics/r_release-notes.dita" uri="d0ddc17f9b5ce965fb033f400e59f56f4f695597.dita" path="d0ddc17f9b5ce965fb033f400e59f56f4f695597.dita" result="file:/Users/robwill/repos/altair/src/en/topics/r_release-notes.dita" format="dita" has-link="true" target="true"></file><file src="file:/Users/robwill/repos/altair/src/en/assets/images/progress-bar.png" uri="1ab691c07d50247fdf943bb0efcdcf6bd9f702c8.png" path="1ab691c07d50247fdf943bb0efcdcf6bd9f702c8.png" result="file:/Users/robwill/repos/altair/src/en/assets/images/progress-bar.png" format="image"></file><file src="file:/Users/robwill/repos/altair/src/en/assets/images/reset-2fa.png" uri="7c15925ee5cc172945c3a58079276ee60cf71ec1.png" path="7c15925ee5cc172945c3a58079276ee60cf71ec1.png" result="file:/Users/robwill/repos/altair/src/en/assets/images/reset-2fa.png" format="image"></file><file src="file:/Users/robwill/repos/altair/src/en/topics/c_polaris-ui-dashboard.dita" uri="5822c121b7ee4b04fa46d1fc560c5e086e660c25.dita" path="5822c121b7ee4b04fa46d1fc560c5e086e660c25.dita" result="file:/Users/robwill/repos/altair/src/en/topics/c_polaris-ui-dashboard.dita" target="true"></file><file src="file:/Users/robwill/repos/altair/src/en/topics/t_gs-app-superuser.dita" uri="740847e078a9483884a75d1a616d18ac0ac5cf1b.dita" path="740847e078a9483884a75d1a616d18ac0ac5cf1b.dita" result="file:/Users/robwill/repos/altair/src/en/topics/t_gs-app-superuser.dita" format="dita" has-conref="true" has-link="true" target="true"></file><file src="file:/Users/robwill/repos/altair/src/en/topics/dev-portal-get-started.dita" uri="cd034aa15d7be474a35961e4a41793fec3a59bc2.dita" path="cd034aa15d7be474a35961e4a41793fec3a59bc2.dita" result="file:/Users/robwill/repos/altair/src/en/topics/dev-portal-get-started.dita" format="dita" target="true"></file><file src="file:/Users/robwill/repos/altair/src/en/assets/images/Individual_Issue_Triage.png" uri="a681b3d1ec957dfb0c338ca105ed64397e7af312.png" path="a681b3d1ec957dfb0c338ca105ed64397e7af312.png" result="file:/Users/robwill/repos/altair/src/en/assets/images/Individual_Issue_Triage.png" format="image"></file><file src="file:/Users/robwill/repos/altair/src/en/topics/t_how-to-export-issues.dita" uri="3b054305597d43bf74461fc9525910b5c4942eb1.dita" path="3b054305597d43bf74461fc9525910b5c4942eb1.dita" result="file:/Users/robwill/repos/altair/src/en/topics/t_how-to-export-issues.dita" target="true"></file><file src="file:/Users/robwill/repos/altair/src/en/topics/t_test_frequency_policies.dita" uri="1e45a2fe8c01af8302f35a116809d53168825c25.dita" path="1e45a2fe8c01af8302f35a116809d53168825c25.dita" result="file:/Users/robwill/repos/altair/src/en/topics/t_test_frequency_policies.dita" format="dita" target="true"></file><file src="file:/Users/robwill/repos/altair/src/en/topics/c_polaris-ui-overview.dita" uri="fefbb81897b0dcd3b337a23443141946ff2ae743.dita" path="fefbb81897b0dcd3b337a23443141946ff2ae743.dita" result="file:/Users/robwill/repos/altair/src/en/topics/c_polaris-ui-overview.dita" target="true"></file><file src="file:/Users/robwill/repos/altair/src/en/altair-ditaval.xml" uri="9869ebef4885dfe1c9815d7206e0cd3d89dd7a1d.xml" path="9869ebef4885dfe1c9815d7206e0cd3d89dd7a1d.xml" result="file:/Users/robwill/repos/altair/src/en/altair-ditaval.xml" format="ditaval" resource-only="true"></file><file src="file:/Users/robwill/repos/altair/src/en/assets/images/notification-settings.png" uri="79030ee1e9aaf4e3db3f90573b268e7e0437ad83.png" path="79030ee1e9aaf4e3db3f90573b268e7e0437ad83.png" result="file:/Users/robwill/repos/altair/src/en/assets/images/notification-settings.png" format="image"></file><file src="file:/Users/robwill/repos/altair/src/en/assets/images/help-icon-2.png" uri="4f40784a55b10d08a9d210fea4eddd0720f62dd2.png" path="4f40784a55b10d08a9d210fea4eddd0720f62dd2.png" result="file:/Users/robwill/repos/altair/src/en/assets/images/help-icon-2.png" format="image"></file><file src="file:/Users/robwill/repos/altair/src/en/assets/images/git-select-scope.png" uri="35df6e742edfcaca960cb5ecb131cd8c292ca174.png" path="35df6e742edfcaca960cb5ecb131cd8c292ca174.png" result="file:/Users/robwill/repos/altair/src/en/assets/images/git-select-scope.png" format="image"></file><file src="file:/Users/robwill/repos/altair/src/en/assets/images/git-expiration.png" uri="76b686a0356fd66d686242469bdc2e0e6f08fa3f.png" path="76b686a0356fd66d686242469bdc2e0e6f08fa3f.png" result="file:/Users/robwill/repos/altair/src/en/assets/images/git-expiration.png" format="image"></file><file src="file:/Users/robwill/repos/altair/src/en/topics/c_polaris-ui-tests.dita" uri="c9ed394f2cd74ff006aded88a61747ddafc48985.dita" path="c9ed394f2cd74ff006aded88a61747ddafc48985.dita" result="file:/Users/robwill/repos/altair/src/en/topics/c_polaris-ui-tests.dita" target="true"></file><file src="file:/Users/robwill/repos/altair/src/en/topics/r_org-how.dita" uri="0110d72a12ffc5281c45c2e7e872a855cbd0fa6e.dita" path="0110d72a12ffc5281c45c2e7e872a855cbd0fa6e.dita" result="file:/Users/robwill/repos/altair/src/en/topics/r_org-how.dita" target="true"></file><file src="file:/Users/robwill/repos/altair/src/en/topics/c_entitlements.dita" uri="cf5253859b77fb5bcb5dca556e0bb8b0475ed939.dita" path="cf5253859b77fb5bcb5dca556e0bb8b0475ed939.dita" result="file:/Users/robwill/repos/altair/src/en/topics/c_entitlements.dita" format="dita" target="true"></file><file src="file:/Users/robwill/repos/altair/src/en/assets/images/application.png" uri="461ffe6ed2e70eee2c809b83ca8118797586d773.png" path="461ffe6ed2e70eee2c809b83ca8118797586d773.png" result="file:/Users/robwill/repos/altair/src/en/assets/images/application.png" format="image"></file><file src="file:/Users/robwill/repos/altair/src/en/assets/images/check.png" uri="50d51e369d1840f417cd6fe3995638e6f7d6953d.png" path="50d51e369d1840f417cd6fe3995638e6f7d6953d.png" result="file:/Users/robwill/repos/altair/src/en/assets/images/check.png" format="image"></file><file src="file:/Users/robwill/repos/altair/src/en/assets/images/triage-manually.png" uri="defe56c2a8d58f41beadf3a05cc43c6fdfe18798.png" path="defe56c2a8d58f41beadf3a05cc43c6fdfe18798.png" result="file:/Users/robwill/repos/altair/src/en/assets/images/triage-manually.png" format="image"></file><file src="file:/Users/robwill/repos/altair/src/en/topics/c_roles-and-permissions.dita" uri="32c3b32f7c60729c9240754e147f78b0326d22ba.dita" path="32c3b32f7c60729c9240754e147f78b0326d22ba.dita" result="file:/Users/robwill/repos/altair/src/en/topics/c_roles-and-permissions.dita" format="dita" has-link="true" target="true"></file><file src="file:/Users/robwill/repos/altair/src/en/topics/t_gs-contributor.dita" uri="1439a2878c6b457ab6c585507d0378a10bb0ff41.dita" path="1439a2878c6b457ab6c585507d0378a10bb0ff41.dita" result="file:/Users/robwill/repos/altair/src/en/topics/t_gs-contributor.dita" target="true"></file><file src="file:/Users/robwill/repos/altair/src/en/assets/images/application_details1.png" uri="0d0c3c4647928c888863acc4a8b4f1707e14511d.png" path="0d0c3c4647928c888863acc4a8b4f1707e14511d.png" result="file:/Users/robwill/repos/altair/src/en/assets/images/application_details1.png" format="image"></file><file src="file:/Users/robwill/repos/altair/src/en/topics/c_product-overview.dita" uri="c270e1b82ab0a88d1068cf2caf5f8ea405b39622.dita" path="c270e1b82ab0a88d1068cf2caf5f8ea405b39622.dita" result="file:/Users/robwill/repos/altair/src/en/topics/c_product-overview.dita" format="dita" target="true"></file><file src="file:/Users/robwill/repos/altair/src/en/topics/t_gs-app-admin.dita" uri="98b4ba385fdee82581e158fcefc58dfe380319d7.dita" path="98b4ba385fdee82581e158fcefc58dfe380319d7.dita" result="file:/Users/robwill/repos/altair/src/en/topics/t_gs-app-admin.dita" target="true"></file><file src="file:/Users/robwill/repos/altair/src/en/altair-reltable.ditamap" uri="9a25162fb69d4e3bebc2b940327c6e6a828ac0e5.ditamap" path="9a25162fb69d4e3bebc2b940327c6e6a828ac0e5.ditamap" result="file:/Users/robwill/repos/altair/src/en/altair-reltable.ditamap" format="ditamap"></file><file src="file:/Users/robwill/repos/altair/src/en/topics/r_glossary.dita" uri="f48bf6e89be2b57500dd8c56f38b2234de7098a4.dita" path="f48bf6e89be2b57500dd8c56f38b2234de7098a4.dita" result="file:/Users/robwill/repos/altair/src/en/topics/r_glossary.dita" format="dita" target="true"></file><file src="file:/Users/robwill/repos/altair/src/en/topics/t_how-to-test.dita" uri="50645e37ef1a5c6a14f1321a5eccc4f37c5db6cb.dita" path="50645e37ef1a5c6a14f1321a5eccc4f37c5db6cb.dita" result="file:/Users/robwill/repos/altair/src/en/topics/t_how-to-test.dita" format="dita" has-link="true" target="true"></file><file src="file:/Users/robwill/repos/altair/src/en/assets/images/filter-issues.png" uri="3a5fed69b3f397d011b96fa69e4602d5c194d69f.png" path="3a5fed69b3f397d011b96fa69e4602d5c194d69f.png" result="file:/Users/robwill/repos/altair/src/en/assets/images/filter-issues.png" format="image"></file><file src="file:/Users/robwill/repos/altair/src/en/assets/images/forbidden.png" uri="2a56e8c8d3a2a25447b1cb1a5d6e4f548c82f913.png" path="2a56e8c8d3a2a25447b1cb1a5d6e4f548c82f913.png" result="file:/Users/robwill/repos/altair/src/en/assets/images/forbidden.png" format="image"></file><file src="file:/Users/robwill/repos/altair/src/en/assets/images/triage-filter.png" uri="ce863983badea082b2160306f53dd326dcade455.png" path="ce863983badea082b2160306f53dd326dcade455.png" result="file:/Users/robwill/repos/altair/src/en/assets/images/triage-filter.png" format="image"></file><file src="file:/Users/robwill/repos/altair/src/en/topics/r_customer-support.dita" uri="620f46919723f6fa1378abd14c33e4788feb531d.dita" path="620f46919723f6fa1378abd14c33e4788feb531d.dita" result="file:/Users/robwill/repos/altair/src/en/topics/r_customer-support.dita" format="dita" has-link="true" target="true"></file><file src="file:/Users/robwill/repos/altair/src/en/assets/images/Add_User.png" uri="684bce2d9ddc26ff804fd45564e496e55a9668ef.png" path="684bce2d9ddc26ff804fd45564e496e55a9668ef.png" result="file:/Users/robwill/repos/altair/src/en/assets/images/Add_User.png" format="image"></file><file src="file:/Users/robwill/repos/altair/src/en/assets/images/New_Test_EXT.png" uri="bc664028545960d47b82102aaf06b3a7a2447174.png" path="bc664028545960d47b82102aaf06b3a7a2447174.png" result="file:/Users/robwill/repos/altair/src/en/assets/images/New_Test_EXT.png" format="image"></file><file src="file:/Users/robwill/repos/altair/src/en/topics/c_polaris-ui-myorg.dita" uri="2d2ca4296b69b71b2fc49287d4a03e2f955a6e0b.dita" path="2d2ca4296b69b71b2fc49287d4a03e2f955a6e0b.dita" result="file:/Users/robwill/repos/altair/src/en/topics/c_polaris-ui-myorg.dita" target="true"></file><file src="file:/Users/robwill/repos/altair/src/en/assets/images/New_Test-repo.png" uri="bad24cffbc863ccd75671bdaafee7cd14b5c37ad.png" path="bad24cffbc863ccd75671bdaafee7cd14b5c37ad.png" result="file:/Users/robwill/repos/altair/src/en/assets/images/New_Test-repo.png" format="image"></file><file src="file:/Users/robwill/repos/altair/src/en/assets/images/gitlab-select-scopes.png" uri="f0080b271fb44c1ae589bc1873d7bb9e38702979.png" path="f0080b271fb44c1ae589bc1873d7bb9e38702979.png" result="file:/Users/robwill/repos/altair/src/en/assets/images/gitlab-select-scopes.png" format="image"></file><file src="file:/Users/robwill/repos/altair/src/en/assets/images/Project_Details.png" uri="1a6702f1fe24b46a4c5c2b5ff715aea7ebae1776.png" path="1a6702f1fe24b46a4c5c2b5ff715aea7ebae1776.png" result="file:/Users/robwill/repos/altair/src/en/assets/images/Project_Details.png" format="image"></file><file src="file:/Users/robwill/repos/altair/src/en/assets/images/Add_User_Form.png" uri="3d71dc20cbb1a57ee081cb00bbf15e628bf831bf.png" path="3d71dc20cbb1a57ee081cb00bbf15e628bf831bf.png" result="file:/Users/robwill/repos/altair/src/en/assets/images/Add_User_Form.png" format="image"></file><file src="file:/Users/robwill/repos/altair/src/en/topics/r_support-matrix.dita" uri="52bf1f04e5c730967c9fa53b3685a25cd73c114c.dita" path="52bf1f04e5c730967c9fa53b3685a25cd73c114c.dita" result="file:/Users/robwill/repos/altair/src/en/topics/r_support-matrix.dita" format="dita" target="true"></file><file src="file:/Users/robwill/repos/altair/src/en/altair-web-help.ditamap" uri="da8b19400ac4cbe29ab4a3590a1f7e25a57128ee.ditamap" path="da8b19400ac4cbe29ab4a3590a1f7e25a57128ee.ditamap" result="file:/Users/robwill/repos/altair/src/en/altair-web-help.ditamap" format="ditamap" input="true"></file><file src="file:/Users/robwill/repos/altair/src/en/topics/t_gs-org-superuser.dita" uri="f151232a8fc9270c974c707c72033a5f05db4f62.dita" path="f151232a8fc9270c974c707c72033a5f05db4f62.dita" result="file:/Users/robwill/repos/altair/src/en/topics/t_gs-org-superuser.dita" format="dita" has-link="true" target="true"></file></files></job>