<val>

<!-- PI-1 tags (beta release)  -->
   <prop att="props" val="personal-info" action="include" />
   <prop att="props" val="personal-info-nogo"  action="exclude" />

   <prop att="props" val="app-level-roles" action="include" />
   <prop att="props" val="app-level-roles-nogo"  action="exclude" />

   <prop att="props" val="app-su-role" action="include" />
   <prop att="props" val="app-su-role-nogo" action="exclude" />

   <prop att="props" val="roles-permissions" action="include" />
   <prop att="props" val="roles-permissions-nogo"  action="exclude" />

   <prop att="props" val="create-internal-user" action="exclude" />
   <prop att="props" val="create-internal-user-nogo" action="include" />

   <prop att="props" val="batch-triage" action="include" />
   <prop att="props" val="batch-triage-nogo" action="exclude" />

   <prop att="props" val="always-triage" action="exclude" />
   <prop att="props" val="always-triage-nogo" action="include" />

<!-- PI-2 tags (NONE) -->


<!-- PI-3 tags (GA RELEASE) -->


</val>

