<?xml version="1.0" ?><job><property name="user.input.dir"><string>/Users/robwill/repos/polaris-doc/src/en/topics</string></property><property name="plugin.com.synopsys.sig.docs.sig-kraml.dir"><string>plugins/com.synopsys.sig.docs.sig-kraml</string></property><property name="plugin.com.oxygenxml.webhelp.common.dir"><string>plugins/com.oxygenxml.webhelp.common</string></property><property name="transtypes"><string>html5;webhelp;webhelp-feedback;webhelpCommons;webhelp-responsive;webhelp-responsive-preprocess2;tocjs;sig-html5;sig-kraml;pdf;pdf2;sig-pdf;sig-webhelp;xhtml;eclipsehelp;htmlhelp;javahelp;troff;markdown;markdown_github;markdown_gitbook</string></property><property name="parser.md"><string>com.elovirta.dita.markdown.MarkdownReader</string></property><property name="plugin.org.dita.specialization.dita11.dir"><string>plugins/org.dita.specialization.dita11</string></property><property name="plugin.com.synopsys.sig.docs.doctypes.dir"><string>plugins/com.synopsys.sig.docs.doctypes</string></property><property name="parser.hdita"><string>com.elovirta.dita.html.HDitaReader</string></property><property name="cli.color"><string>true</string></property><property name="user.input.file"><string>r_coverity-compatible-platforms_2021-03.dita</string></property><property name="plugin.org.dita.pdf2.dir"><string>plugins/org.dita.pdf2</string></property><property name="print_transtypes"><string>pdf;pdf2;sig-pdf</string></property><property name="onlytopicinmap"><string>false</string></property><property name="plugin.org.dita-ng.dita.relaxng.dir"><string>plugins/org.dita-ng.doctypes</string></property><property name="plugin.org.doctales.ant-contrib.dir"><string>plugins/org.doctales.ant-contrib-master</string></property><property name="supported_resource_extensions"><string>.pdf;.swf</string></property><property name="plugin.org.dita.xhtml.dir"><string>plugins/org.dita.xhtml</string></property><property name="plugin.com.oxygenxml.common.dir"><string>plugins/com.oxygenxml.common</string></property><property name="plugin.com.oxygenxml.rng.defaults.dir"><string>plugins/dita-relaxng-defaults</string></property><property name="plugin.org.dita.javahelp.dir"><string>plugins/org.dita.javahelp</string></property><property name="relflagimagelist"><string></string></property><property name="supported_html_extensions"><string>.html;.htm</string></property><property name="plugin.order"><string>org.dita.base org.oasis-open.dita.v1_3 org.oasis-open.dita.v1_2</string></property><property name="plugin.com.oxygenxml.html.custom.dir"><string>plugins/com.oxygenxml.html.custom</string></property><property name="supported_image_extensions"><string>.gif;.svg;.bmp;.jpg;.tif;.eps;.jpeg;.png;.tiff</string></property><property name="otrelease"><string>2.5</string></property><property name="InputMapDir"><string>/Users/robwill/repos/polaris-doc/src/en/topics/r_coverity-compatible-platforms_2021-03.dita</string></property><property name="plugin.org.dita.troff.dir"><string>plugins/org.dita.troff</string></property><property name="plugin.com.sophos.tocjs.dir"><string>plugins/com.sophos.tocjs</string></property><property name="org.dita.pdf2.i18n.enabled"><string>true</string></property><property name="plugin.com.oxygenxml.webhelp.classic.dir"><string>plugins/com.oxygenxml.webhelp.classic</string></property><property name="plugin.com.synopsys.sig.docs.sig-html5.dir"><string>plugins/com.synopsys.sig.docs.sig-html5</string></property><property name="user.input.dir.uri"><string>file:/Users/robwill/repos/polaris-doc/src/en/topics/</string></property><property name="plugin.org.dita.html5.dir"><string>plugins/org.dita.html5</string></property><property name="generatecopyouter"><string>NOT_GENERATEOUTTER</string></property><property name="default.cascade"><string>merge</string></property><property name="plugin.org.dita.eclipsehelp.dir"><string>plugins/org.dita.eclipsehelp</string></property><property name="outputdir"><string>/Users/robwill/repos/polaris-doc/src/en/topics/out/sig-pdf</string></property><property name="plugin.org.dita.htmlhelp.dir"><string>plugins/org.dita.htmlhelp</string></property><property name="plugin.com.synopsys.sig.docs.sig-pdf.dir"><string>plugins/com.synopsys.sig.docs.sig-pdf</string></property><property name="temp-file-name-scheme"><string>org.dita.dost.module.GenMapAndTopicListModule$DefaultTempFileScheme</string></property><property name="plugin.org.dita.base.dir"><string>.</string></property><property name="plugindirs"><string>plugins;demo</string></property><property name="parser.mdita"><string>com.elovirta.dita.markdown.MDitaReader</string></property><property name="user.input.file.listfile"><string>usr.input.file.list</string></property><property name="outercontrol"><string>WARN</string></property><property name="plugin.ignores"><string></string></property><property name="plugin.com.synopsys.sig.docs.sig-webhelp.dir"><string>plugins/com.synopsys.sig.docs.sig-webhelp</string></property><property name="relflagimagefile"><string>relflagimage.list</string></property><property name="user.input.file.uri"><string>r_coverity-compatible-platforms_2021-03.dita</string></property><property name="plugin.com.oxygenxml.highlight.dir"><string>plugins/com.oxygenxml.highlight</string></property><property name="plugin.org.dita.pdf2.axf.dir"><string>plugins/org.dita.pdf2.axf</string></property><property name="plugin.org.oasis-open.dita.v1_2.dir"><string>plugins/org.oasis-open.dita.v1_2</string></property><property name="InputMapDir.uri"><string>file:/Users/robwill/repos/polaris-doc/src/en/topics/r_coverity-compatible-platforms_2021-03.dita</string></property><property name="plugin.org.dita.pdf2.fop.dir"><string>plugins/org.dita.pdf2.fop</string></property><property name="plugin.org.lwdita.dir"><string>plugins/org.lwdita</string></property><property name="plugin.com.oxygenxml.media.dir"><string>plugins/com.oxygenxml.media</string></property><property name="plugin.org.dita.pdf2.xep.dir"><string>plugins/org.dita.pdf2.xep</string></property><property name="tempdirToinputmapdir.relative.value"><string></string></property><property name="plugin.com.oxygenxml.webhelp.responsive.dir"><string>plugins/com.oxygenxml.webhelp.responsive</string></property><property name="otversion"><string>2.5.4</string></property><property name="plugin.org.oasis-open.dita.v1_3.dir"><string>plugins/org.oasis-open.dita.v1_3</string></property><property name="parser.markdown"><string>com.elovirta.dita.markdown.MarkdownReader</string></property><property name="uplevels"><string></string></property><files><file src="file:/Users/robwill/repos/polaris-doc/src/en/topics/r_coverity-compatible-platforms_2021-03.dita" uri="r_coverity-compatible-platforms_2021-03.dita" path="r_coverity-compatible-platforms_2021-03.dita" result="file:/Users/robwill/repos/polaris-doc/src/en/topics/r_coverity-compatible-platforms_2021-03.dita" format="dita" target="true"></file></files></job>